Workbook
Name Slicer_ai_model_name: #N/A
Name Slicer_education_level: #N/A
Name Slicer_performed_fact_check: #N/A

Sheet OG Data
A1: ai_model_name | B1: query_category | C1: ai_confidence_percentage | D1: response_character_count | E1: has_cited_sources | F1: contains_hedging_words | G1: includes_disclaimer | H1: answer_detail_level | I1: respondent_age_bracket | J1: education_level | K1: digital_literacy_score | L1: ai_familiarity_level | M1: decision_importance | N1: urgency_level | O1: belief_alignment_status | P1: subject_matter_expertise | Q1: trust_score_out_of_10 | R1: performed_fact_check | S1: fact_check_method_used | T1: verification_duration_mins | U1: answer_accuracy_percentage | V1: trust_calibration_valid | W1: user_skepticism_category
A2: Claude | B2: math_calculation | C2: 93.23 | D2: 527 | E2: TRUE | F2: FALSE | G2: FALSE | H2: Moderate | I2: 45-54 | J2: Bachelors | K2: Low | L2: Intermediate | M2: Low | N2: Low | O2: FALSE | P2: FALSE | Q2: 10 | R2: TRUE | S2: Google Search | T2: 10.7 | U2: 80.15 | V2: TRUE | W2: Moderate Trust
A3: Llama | B3: recipe_cooking | C3: 84.47 | D3: 581 | E3: FALSE | F3: FALSE | G3: FALSE | H3: Specific | I3: 55-64 | J3: PhD | K3: Expert | L3: First Time | M3: High | O3: FALSE | P3: TRUE | Q3: 7.9 | R3: TRUE | S3: Asked Expert | T3: 44.3 | U3: 92.33 | V3: TRUE | W3: Skeptical
A4: Claude | B4: general_knowledge | C4: 69.82 | D4: 484 | E4: TRUE | F4: TRUE | G4: FALSE | H4: Very Specific | I4: 35-44 | J4: High School | K4: Medium | L4: Intermediate | M4: Critical | O4: TRUE | P4: FALSE | Q4: 8.6 | R4: TRUE | S4: Consulted Documentation | T4: 37.5 | U4: 67.32 | V4: TRUE | W4: Moderate Trust
A5: Claude | B5: creative_writing | C5: 79.61 | D5: 73 | E5: TRUE | F5: TRUE | G5: FALSE | H5: Specific | I5: 45-54 | J5: Professional | K5: Low | L5: Advanced | M5: High | P5: FALSE | Q5: 8.9 | R5: TRUE | S5: Checked Official Source | T5: 22.7 | U5: 73.12 | V5: TRUE | W5: Moderate Trust
A6: Claude | B6: creative_writing | C6: 67.71 | D6: 146 | E6: FALSE | F6: TRUE | G6: FALSE | H6: Vague | I6: 55-64 | J6: Masters | K6: Low | L6: Expert | M6: Low | O6: TRUE | P6: TRUE | Q6: 9 | R6: TRUE | S6: Academic Paper | T6: 43.7 | U6: 81.05 | V6: TRUE | W6: Moderate Trust
A7: Mistral | B7: math_calculation | C7: 93.41 | D7: 198 | E7: FALSE | F7: TRUE | G7: FALSE | H7: Moderate | I7: 18-24 | J7: Professional | K7: Expert | L7: Advanced | M7: Medium | O7: FALSE | P7: FALSE | Q7: 8.2 | R7: FALSE | T7: 0 | U7: 100 | V7: TRUE | W7: Blind Trust
A8: Claude | B8: technical_coding | C8: 75.87 | D8: 285 | E8: FALSE | F8: FALSE | G8: TRUE | H8: Very Specific | I8: 18-24 | J8: High School | K8: Expert | L8: Expert | M8: Low | N8: High | O8: FALSE | P8: TRUE | Q8: 7.6 | R8: FALSE | T8: 0 | U8: 79.04 | V8: TRUE | W8: Moderate Trust
A9: Claude | B9: financial_advice | C9: 57.32 | D9: 371 | E9: TRUE | F9: FALSE | G9: FALSE | H9: Vague | I9: 55-64 | J9: Professional | K9: Medium | L9: First Time | M9: Critical | N9: High | P9: FALSE | Q9: 6.4 | R9: FALSE | T9: 0 | U9: 55.65 | V9: TRUE | W9: Moderate Trust
A10: ChatGPT-3.5 | B10: medical_advice | C10: 50.17 | D10: 344 | E10: FALSE | F10: FALSE | G10: TRUE | H10: Vague | I10: 65+ | J10: PhD | K10: Medium | L10: Advanced | M10: Medium | N10: High | P10: FALSE | Q10: 5.3 | R10: TRUE | S10: Personal Testing | T10: 20 | U10: 41.69 | V10: TRUE | W10: Skeptical
A11: Llama | B11: medical_advice | C11: 58.77 | D11: 63 | E11: FALSE | F11: FALSE | G11: TRUE | H11: Vague | I11: 65+ | J11: Professional | K11: Low | L11: Expert | M11: Medium | N11: Low | O11: FALSE | P11: FALSE | Q11: 5.6 | R11: TRUE | S11: Cross-referenced Multiple AIs | T11: 23.5 | U11: 50.81 | V11: TRUE | W11: Skeptical
A12: Claude | B12: general_knowledge | C12: 82.85 | D12: 331 | E12: TRUE | F12: TRUE | G12: TRUE | H12: Specific | I12: 45-54 | J12: Masters | K12: Expert | L12: First Time | M12: Medium | N12: Medium | P12: TRUE | Q12: 10 | R12: TRUE | S12: Academic Paper | T12: 22.9 | U12: 68.05 | V12: FALSE | W12: Moderate Trust
A13: Claude | B13: recipe_cooking | C13: 76.69 | D13: 70 | E13: TRUE | F13: FALSE | G13: TRUE | H13: Moderate | I13: 18-24 | J13: Professional | K13: Low | L13: Expert | M13: Low | N13: Medium | P13: TRUE | Q13: 9.9 | R13: FALSE | T13: 0 | U13: 62.11 | V13: FALSE | W13: Blind Trust
A14: Llama | B14: current_events | C14: 77.43 | D14: 549 | E14: FALSE | F14: FALSE | G14: TRUE | H14: Vague | I14: 25-34 | J14: PhD | K14: High | L14: Advanced | M14: Low | N14: Medium | O14: TRUE | P14: FALSE | Q14: 9.5 | R14: TRUE | S14: Checked Official Source | T14: 33.8 | U14: 73.81 | V14: FALSE | W14: Moderate Trust
A15: Gemini | B15: recipe_cooking | C15: 78.83 | D15: 419 | E15: FALSE | F15: TRUE | G15: FALSE | H15: Specific | I15: 35-44 | J15: High School | K15: Expert | L15: Advanced | M15: Medium | N15: Medium | P15: FALSE | Q15: 7.2 | R15: TRUE | S15: Cross-referenced Multiple AIs | T15: 41.9 | U15: 81.22 | V15: TRUE | W15: Skeptical
A16: Gemini | B16: creative_writing | C16: 75 | D16: 386 | E16: FALSE | F16: TRUE | G16: TRUE | H16: Moderate | I16: 45-54 | J16: Professional | K16: Medium | L16: Intermediate | M16: Low | N16: Medium | O16: TRUE | P16: FALSE | Q16: 9.9 | R16: FALSE | T16: 0 | U16: 66.21 | V16: FALSE | W16: Blind Trust
A17: Gemini | B17: current_events | C17: 55.73 | D17: 698 | E17: TRUE | F17: TRUE | G17: FALSE | H17: Moderate | I17: 18-24 | J17: Bachelors | K17: Low | L17: Beginner | M17: Critical | N17: High | O17: FALSE | P17: TRUE | Q17: 5.2 | R17: FALSE | T17: 0 | U17: 55.92 | V17: TRUE | W17: Skeptical
A18: Gemini | B18: factual_historical | C18: 79.42 | D18: 382 | E18: FALSE | F18: FALSE | G18: TRUE | H18: Vague | I18: 18-24 | J18: Professional | K18: Expert | L18: Advanced | M18: High | N18: High | O18: FALSE | P18: FALSE | Q18: 6.7 | R18: TRUE | S18: Asked Expert | T18: 30 | U18: 88.58 | V18: FALSE | W18: Skeptical
A19: Claude | B19: opinion_based | C19: 47.7 | D19: 53 | E19: FALSE | F19: TRUE | G19: FALSE | H19: Vague | I19: 65+ | J19: PhD | K19: High | L19: Beginner | M19: Critical | N19: Low | O19: FALSE | P19: TRUE | Q19: 2.9 | R19: TRUE | S19: Academic Paper | T19: 29.9 | U19: 40.41 | V19: TRUE | W19: Highly Skeptical
A20: ChatGPT-3.5 | B20: legal_advice | C20: 52.94 | D20: 725 | E20: TRUE | F20: FALSE | G20: TRUE | H20: Vague | I20: 55-64 | J20: PhD | K20: Medium | L20: Intermediate | M20: Critical | N20: Medium | O20: FALSE | P20: TRUE | Q20: 4.7 | R20: TRUE | S20: Personal Testing | T20: 36.1 | U20: 38.72 | V20: TRUE | W20: Highly Skeptical
A21: Gemini | B21: technical_coding | C21: 91.49 | D21: 457 | E21: TRUE | F21: TRUE | G21: FALSE | H21: Very Specific | I21: 35-44 | J21: Masters | K21: Expert | L21: Advanced | M21: Medium | N21: Low | P21: TRUE | Q21: 9.4 | R21: FALSE | T21: 0 | U21: 78.01 | V21: TRUE | W21: Blind Trust
A22: Llama | B22: recipe_cooking | C22: 85.85 | D22: 617 | E22: FALSE | F22: TRUE | G22: FALSE | H22: Specific | I22: 55-64 | J22: Bachelors | K22: Low | L22: Beginner | M22: Low | N22: Low | P22: FALSE | Q22: 9.9 | R22: TRUE | S22: Cross-referenced Multiple AIs | T22: 42.1 | U22: 77.63 | V22: FALSE | W22: Moderate Trust
A23: Claude | B23: financial_advice | C23: 55.95 | D23: 166 | E23: TRUE | F23: FALSE | G23: TRUE | H23: Very Specific | I23: 18-24 | J23: Masters | K23: Medium | L23: First Time | M23: High | N23: High | P23: TRUE | Q23: 7.7 | R23: TRUE | S23: Checked Official Source | T23: 34.3 | U23: 55.71 | V23: FALSE | W23: Skeptical
A24: Mistral | B24: current_events | C24: 75.51 | D24: 289 | E24: TRUE | F24: FALSE | G24: TRUE | H24: Specific | I24: 45-54 | J24: Masters | K24: Low | L24: First Time | M24: High | N24: Low | O24: TRUE | P24: TRUE | Q24: 10 | R24: TRUE | S24: Google Search | T24: 13 | U24: 53.58 | V24: FALSE | W24: Moderate Trust
A25: Llama | B25: opinion_based | C25: 42.81 | D25: 86 | E25: TRUE | F25: FALSE | G25: TRUE | H25: Very Specific | I25: 45-54 | J25: Masters | K25: Low | L25: Intermediate | M25: Critical | N25: High | O25: FALSE | P25: FALSE | Q25: 2.7 | R25: TRUE | S25: Academic Paper | T25: 2.5 | U25: 21.4 | V25: TRUE | W25: Highly Skeptical
A26: GPT-4 | B26: current_events | C26: 62.31 | D26: 51 | E26: FALSE | F26: TRUE | G26: TRUE | H26: Very Specific | I26: 65+ | J26: PhD | K26: Low | L26: Beginner | M26: High | N26: Low | O26: FALSE | P26: FALSE | Q26: 4.8 | R26: TRUE | S26: Cross-referenced Multiple AIs | T26: 26.2 | U26: 40.83 | V26: TRUE | W26: Highly Skeptical
A27: GPT-4 | B27: current_events | C27: 65.12 | D27: 320 | E27: FALSE | F27: TRUE | G27: TRUE | H27: Very Specific | I27: 18-24 | J27: PhD | K27: Expert | L27: Beginner | M27: High | O27: TRUE | P27: FALSE | Q27: 7.5 | R27: TRUE | S27: Personal Testing | T27: 11.5 | U27: 61.68 | V27: TRUE | W27: Skeptical
A28: Claude | B28: legal_advice | C28: 64.2 | D28: 293 | E28: TRUE | F28: FALSE | G28: FALSE | H28: Specific | I28: 65+ | J28: PhD | K28: High | L28: Expert | M28: Low | N28: High | O28: FALSE | P28: FALSE | Q28: 6.6 | R28: TRUE | S28: Google Search | T28: 27.5 | U28: 59.63 | V28: TRUE | W28: Skeptical
A29: Claude | B29: creative_writing | C29: 64.93 | D29: 177 | E29: TRUE | F29: FALSE | G29: FALSE | H29: Very Specific | I29: 65+ | J29: Masters | K29: Low | L29: Advanced | M29: Low | N29: Low | O29: TRUE | P29: FALSE | Q29: 9.4 | R29: TRUE | S29: Checked Official Source | T29: 30.4 | U29: 67.76 | V29: FALSE | W29: Moderate Trust
A30: Gemini | B30: technical_coding | C30: 75.1 | D30: 107 | E30: FALSE | F30: FALSE | G30: TRUE | H30: Moderate | I30: 65+ | J30: PhD | K30: Expert | L30: Beginner | M30: High | O30: TRUE | P30: TRUE | Q30: 9.5 | R30: TRUE | S30: Consulted Documentation | T30: 37.6 | U30: 69.68 | V30: FALSE | W30: Moderate Trust
A31: ChatGPT-3.5 | B31: opinion_based | C31: 43.22 | D31: 345 | E31: TRUE | F31: TRUE | G31: TRUE | H31: Moderate | I31: 35-44 | J31: High School | K31: Low | L31: Intermediate | M31: High | N31: Medium | O31: FALSE | P31: FALSE | Q31: 4.3 | R31: FALSE | T31: 0 | U31: 26.69 | V31: TRUE | W31: Skeptical
A32: Gemini | B32: legal_advice | C32: 58.29 | D32: 776 | E32: TRUE | F32: FALSE | G32: TRUE | H32: Vague | I32: 65+ | J32: PhD | K32: Low | L32: First Time | M32: Low | N32: High | O32: TRUE | P32: TRUE | Q32: 10 | R32: FALSE | T32: 0 | U32: 63.76 | V32: FALSE | W32: Blind Trust
A33: Llama | B33: current_events | C33: 76.42 | D33: 466 | E33: TRUE | F33: FALSE | G33: FALSE | H33: Moderate | I33: 35-44 | J33: Masters | K33: Expert | L33: Expert | M33: Critical | O33: TRUE | P33: TRUE | Q33: 9.4 | R33: TRUE | S33: Google Search | T33: 30.9 | U33: 66.39 | V33: FALSE | W33: Moderate Trust
A34: Gemini | B34: financial_advice | C34: 48.76 | D34: 60 | E34: FALSE | F34: TRUE | G34: TRUE | H34: Moderate | I34: 65+ | J34: Bachelors | K34: Medium | L34: Beginner | M34: Medium | N34: Low | O34: TRUE | P34: FALSE | Q34: 7.3 | R34: TRUE | S34: Checked Official Source | T34: 26.3 | U34: 47.61 | V34: FALSE | W34: Skeptical
A35: GPT-4 | B35: math_calculation | C35: 92.82 | D35: 541 | E35: TRUE | F35: FALSE | G35: FALSE | H35: Moderate | I35: 65+ | J35: High School | K35: Medium | L35: Beginner | M35: Medium | P35: FALSE | Q35: 10 | R35: FALSE | T35: 0 | U35: 90.77 | V35: TRUE | W35: Blind Trust
A36: Mistral | B36: financial_advice | C36: 46.95 | D36: 521 | E36: FALSE | F36: FALSE | G36: FALSE | H36: Vague | I36: 55-64 | J36: High School | K36: Expert | L36: Intermediate | M36: Low | P36: FALSE | Q36: 5.2 | R36: TRUE | S36: Academic Paper | T36: 25.5 | U36: 58.55 | V36: TRUE | W36: Skeptical
A37: Claude | B37: creative_writing | C37: 60.77 | D37: 442 | E37: TRUE | F37: TRUE | G37: TRUE | H37: Moderate | I37: 35-44 | J37: High School | K37: Expert | L37: Beginner | M37: Low | N37: Low | P37: FALSE | Q37: 8 | R37: TRUE | S37: Personal Testing | T37: 35 | U37: 71.84 | V37: TRUE | W37: Moderate Trust
A38: Claude | B38: financial_advice | C38: 56.58 | D38: 688 | E38: FALSE | F38: TRUE | G38: FALSE | H38: Moderate | I38: 35-44 | J38: High School | K38: Expert | L38: First Time | M38: Medium | P38: TRUE | Q38: 5.7 | R38: TRUE | S38: Google Search | T38: 14.8 | U38: 48.42 | V38: TRUE | W38: Skeptical
A39: Claude | B39: math_calculation | C39: 98.66 | D39: 109 | E39: FALSE | F39: TRUE | G39: TRUE | H39: Specific | I39: 45-54 | J39: Professional | K39: High | L39: Beginner | M39: Medium | O39: FALSE | P39: TRUE | Q39: 9.1 | R39: TRUE | S39: Cross-referenced Multiple AIs | T39: 16.6 | U39: 89.95 | V39: TRUE | W39: Moderate Trust
A40: Claude | B40: math_calculation | C40: 89.07 | D40: 258 | E40: FALSE | F40: FALSE | G40: TRUE | H40: Very Specific | I40: 55-64 | J40: Masters | K40: Expert | L40: Expert | M40: High | N40: Medium | O40: TRUE | P40: FALSE | Q40: 10 | R40: TRUE | S40: Asked Colleague | T40: 37.6 | U40: 89.53 | V40: TRUE | W40: Moderate Trust
A41: GPT-4 | B41: factual_historical | C41: 83.32 | D41: 152 | E41: TRUE | F41: TRUE | G41: TRUE | H41: Moderate | I41: 65+ | J41: PhD | K41: Low | L41: Beginner | M41: Critical | N41: Medium | O41: TRUE | P41: TRUE | Q41: 10 | R41: TRUE | S41: Google Search | T41: 44.5 | U41: 81 | V41: TRUE | W41: Moderate Trust
A42: ChatGPT-3.5 | B42: scientific_facts | C42: 77.77 | D42: 97 | E42: FALSE | F42: TRUE | G42: FALSE | H42: Moderate | I42: 18-24 | J42: PhD | K42: Expert | L42: Beginner | M42: Critical | N42: Medium | P42: TRUE | Q42: 7.2 | R42: TRUE | S42: Cross-referenced Multiple AIs | T42: 2.2 | U42: 76.98 | V42: TRUE | W42: Skeptical
A43: Claude | B43: current_events | C43: 65.01 | D43: 74 | E43: TRUE | F43: TRUE | G43: FALSE | H43: Specific | I43: 25-34 | J43: Masters | K43: Low | L43: Expert | M43: Low | N43: Medium | O43: FALSE | P43: FALSE | Q43: 8 | R43: FALSE | T43: 0 | U43: 46.75 | V43: FALSE | W43: Blind Trust
A44: GPT-4 | B44: recipe_cooking | C44: 84.03 | D44: 180 | E44: FALSE | F44: FALSE | G44: TRUE | H44: Moderate | I44: 65+ | J44: PhD | K44: High | L44: First Time | M44: High | N44: Medium | O44: TRUE | P44: TRUE | Q44: 10 | R44: TRUE | S44: Google Search | T44: 34.6 | U44: 85.07 | V44: TRUE | W44: Moderate Trust
A45: Gemini | B45: legal_advice | C45: 66.99 | D45: 263 | E45: FALSE | F45: FALSE | G45: TRUE | H45: Very Specific | I45: 18-24 | J45: Bachelors | K45: High | L45: Intermediate | M45: Medium | N45: Medium | P45: FALSE | Q45: 6.7 | R45: TRUE | S45: Google Search | T45: 6.1 | U45: 60.83 | V45: TRUE | W45: Skeptical
A46: ChatGPT-3.5 | B46: technical_coding | C46: 78.57 | D46: 772 | E46: TRUE | F46: FALSE | G46: FALSE | H46: Moderate | I46: 18-24 | J46: Bachelors | K46: Medium | L46: Advanced | M46: Medium | O46: FALSE | P46: FALSE | Q46: 9 | R46: FALSE | T46: 0 | U46: 92.84 | V46: TRUE | W46: Blind Trust
A47: GPT-4 | B47: scientific_facts | C47: 80.43 | D47: 560 | E47: TRUE | F47: FALSE | G47: TRUE | H47: Moderate | I47: 18-24 | J47: PhD | K47: High | L47: Beginner | M47: Medium | O47: FALSE | P47: TRUE | Q47: 8.5 | R47: TRUE | S47: Asked Expert | T47: 19.6 | U47: 84.6 | V47: TRUE | W47: Moderate Trust
A48: Mistral | B48: recipe_cooking | C48: 76.07 | D48: 188 | E48: FALSE | F48: TRUE | G48: TRUE | H48: Moderate | I48: 55-64 | J48: High School | K48: Expert | L48: Advanced | M48: Low | N48: Medium | O48: FALSE | P48: TRUE | Q48: 6.5 | R48: TRUE | S48: Asked Expert | T48: 35.6 | U48: 65.51 | V48: TRUE | W48: Skeptical
A49: ChatGPT-3.5 | B49: legal_advice | C49: 68.36 | D49: 416 | E49: TRUE | F49: TRUE | G49: FALSE | H49: Moderate | I49: 25-34 | J49: PhD | K49: Low | L49: Intermediate | M49: Low | N49: Medium | P49: TRUE | Q49: 8.2 | R49: FALSE | T49: 0 | U49: 76.36 | V49: TRUE | W49: Blind Trust
A50: GPT-4 | B50: technical_coding | C50: 86.27 | D50: 666 | E50: FALSE | F50: FALSE | G50: TRUE | H50: Very Specific | I50: 18-24 | J50: Bachelors | K50: Expert | L50: Intermediate | M50: High | N50: Medium | P50: FALSE | Q50: 8.1 | R50: TRUE | S50: Asked Expert | T50: 25.3 | U50: 79.5 | V50: TRUE | W50: Moderate Trust
A51: Claude | B51: recipe_cooking | C51: 78 | D51: 563 | E51: FALSE | F51: TRUE | G51: FALSE | H51: Very Specific | I51: 45-54 | J51: PhD | K51: Medium | L51: Intermediate | M51: Medium | N51: Low | P51: FALSE | Q51: 8.1 | R51: FALSE | T51: 0 | U51: 74.43 | V51: TRUE | W51: Blind Trust
A52: Gemini | B52: creative_writing | C52: 64.34 | D52: 477 | E52: TRUE | F52: TRUE | G52: FALSE | H52: Moderate | I52: 45-54 | J52: High School | K52: High | L52: Beginner | M52: Low | N52: Medium | P52: TRUE | Q52: 8.7 | R52: FALSE | T52: 0 | U52: 75.1 | V52: TRUE | W52: Blind Trust
A53: ChatGPT-3.5 | B53: financial_advice | C53: 48.63 | D53: 758 | E53: TRUE | F53: TRUE | G53: TRUE | H53: Specific | I53: 35-44 | J53: High School | K53: Medium | L53: Intermediate | M53: Medium | P53: FALSE | Q53: 5.7 | R53: FALSE | T53: 0 | U53: 60.58 | V53: TRUE | W53: Skeptical
A54: GPT-4 | B54: technical_coding | C54: 78.51 | D54: 751 | E54: TRUE | F54: FALSE | G54: TRUE | H54: Vague | I54: 45-54 | J54: Masters | K54: Medium | L54: Intermediate | M54: High | N54: High | P54: FALSE | Q54: 8.5 | R54: TRUE | S54: Consulted Documentation | T54: 22.1 | U54: 73.84 | V54: TRUE | W54: Moderate Trust
A55: ChatGPT-3.5 | B55: general_knowledge | C55: 65.68 | D55: 228 | E55: FALSE | F55: TRUE | G55: FALSE | H55: Vague | I55: 18-24 | J55: Professional | K55: Medium | L55: Beginner | M55: Low | N55: High | O55: FALSE | P55: TRUE | Q55: 6.6 | R55: FALSE | T55: 0 | U55: 67.84 | V55: TRUE | W55: Moderate Trust
A56: Gemini | B56: recipe_cooking | C56: 83.56 | D56: 782 | E56: FALSE | F56: FALSE | G56: FALSE | H56: Moderate | I56: 35-44 | J56: Professional | K56: Medium | L56: Intermediate | M56: Medium | P56: TRUE | Q56: 8.9 | R56: TRUE | S56: Consulted Documentation | T56: 17.2 | U56: 77.87 | V56: TRUE | W56: Moderate Trust
A57: Mistral | B57: scientific_facts | C57: 78.98 | D57: 721 | E57: TRUE | F57: FALSE | G57: TRUE | H57: Specific | I57: 45-54 | J57: High School | K57: Low | L57: Expert | M57: High | N57: High | O57: TRUE | P57: TRUE | Q57: 10 | R57: FALSE | T57: 0 | U57: 81.3 | V57: TRUE | W57: Blind Trust
A58: ChatGPT-3.5 | B58: opinion_based | C58: 44.6 | D58: 177 | E58: TRUE | F58: TRUE | G58: TRUE | H58: Vague | I58: 35-44 | J58: Masters | K58: Low | L58: Expert | M58: High | O58: TRUE | P58: FALSE | Q58: 5.8 | R58: TRUE | S58: Asked Colleague | T58: 37 | U58: 22.32 | V58: FALSE | W58: Skeptical
A59: ChatGPT-3.5 | B59: scientific_facts | C59: 89.73 | D59: 530 | E59: FALSE | F59: FALSE | G59: TRUE | H59: Very Specific | I59: 55-64 | J59: Masters | K59: High | L59: Advanced | M59: Critical | N59: Medium | P59: FALSE | Q59: 8 | R59: FALSE | T59: 0 | U59: 87.16 | V59: TRUE | W59: Blind Trust
A60: Gemini | B60: math_calculation | C60: 85.71 | D60: 745 | E60: TRUE | F60: TRUE | G60: TRUE | H60: Moderate | I60: 65+ | J60: Bachelors | K60: Expert | L60: Beginner | M60: High | N60: Low | P60: TRUE | Q60: 8.8 | R60: TRUE | S60: Asked Colleague | T60: 41.3 | U60: 79.75 | V60: TRUE | W60: Moderate Trust
A61: Mistral | B61: medical_advice | C61: 66.94 | D61: 591 | E61: FALSE | F61: TRUE | G61: FALSE | H61: Vague | I61: 18-24 | J61: PhD | K61: Medium | L61: First Time | M61: Critical | N61: Medium | P61: FALSE | Q61: 6.2 | R61: TRUE | S61: Personal Testing | T61: 31 | U61: 58.21 | V61: TRUE | W61: Skeptical
A62: Gemini | B62: creative_writing | C62: 69.4 | D62: 127 | E62: TRUE | F62: TRUE | G62: FALSE | H62: Specific | I62: 18-24 | J62: PhD | K62: High | L62: Advanced | M62: Critical | N62: Medium | P62: TRUE | Q62: 7 | R62: TRUE | S62: Asked Colleague | T62: 8.4 | U62: 83.3 | V62: TRUE | W62: Skeptical
A63: Llama | B63: creative_writing | C63: 78.42 | D63: 154 | E63: FALSE | F63: FALSE | G63: FALSE | H63: Vague | I63: 35-44 | J63: PhD | K63: Low | L63: Intermediate | M63: Low | N63: Medium | P63: FALSE | Q63: 8.8 | R63: FALSE | T63: 0 | U63: 66.9 | V63: FALSE | W63: Blind Trust
A64: Mistral | B64: recipe_cooking | C64: 80.39 | D64: 298 | E64: FALSE | F64: TRUE | G64: FALSE | H64: Specific | I64: 25-34 | J64: Professional | K64: Medium | L64: Expert | M64: High | N64: High | O64: FALSE | P64: TRUE | Q64: 7.5 | R64: TRUE | S64: Academic Paper | T64: 2.4 | U64: 77.29 | V64: TRUE | W64: Skeptical
A65: GPT-4 | B65: technical_coding | C65: 83.16 | D65: 257 | E65: TRUE | F65: TRUE | G65: TRUE | H65: Specific | I65: 65+ | J65: Professional | K65: Medium | L65: Expert | M65: High | P65: TRUE | Q65: 9.3 | R65: TRUE | S65: Cross-referenced Multiple AIs | T65: 16.5 | U65: 96.68 | V65: TRUE | W65: Moderate Trust
A66: ChatGPT-3.5 | B66: general_knowledge | C66: 72.92 | D66: 490 | E66: FALSE | F66: TRUE | G66: TRUE | H66: Very Specific | I66: 25-34 | J66: PhD | K66: Medium | L66: Advanced | M66: Low | N66: Low | O66: FALSE | P66: TRUE | Q66: 7.3 | R66: TRUE | S66: Academic Paper | T66: 37.6 | U66: 87.51 | V66: TRUE | W66: Skeptical
A67: ChatGPT-3.5 | B67: recipe_cooking | C67: 75.38 | D67: 317 | E67: FALSE | F67: TRUE | G67: FALSE | H67: Specific | I67: 35-44 | J67: Masters | K67: Medium | L67: Advanced | M67: Critical | O67: FALSE | P67: FALSE | Q67: 5.1 | R67: TRUE | S67: Asked Colleague | T67: 25.4 | U67: 60.63 | V67: TRUE | W67: Skeptical
A68: Llama | B68: current_events | C68: 65.96 | D68: 794 | E68: TRUE | F68: TRUE | G68: TRUE | H68: Very Specific | I68: 55-64 | J68: Bachelors | K68: Low | L68: First Time | M68: Critical | N68: High | P68: TRUE | Q68: 7.4 | R68: TRUE | S68: Consulted Documentation | T68: 21.3 | U68: 66.6 | V68: TRUE | W68: Skeptical
A69: Llama | B69: legal_advice | C69: 58.08 | D69: 587 | E69: TRUE | F69: TRUE | G69: FALSE | H69: Very Specific | I69: 65+ | J69: PhD | K69: Medium | L69: Intermediate | M69: Low | N69: High | P69: FALSE | Q69: 7.9 | R69: TRUE | S69: Google Search | T69: 41.5 | U69: 61.59 | V69: TRUE | W69: Skeptical
A70: GPT-4 | B70: current_events | C70: 59.28 | D70: 138 | E70: TRUE | F70: TRUE | G70: FALSE | H70: Specific | I70: 35-44 | J70: Professional | K70: Medium | L70: Advanced | M70: Medium | N70: High | P70: TRUE | Q70: 7.6 | R70: FALSE | T70: 0 | U70: 35.69 | V70: FALSE | W70: Moderate Trust
A71: ChatGPT-3.5 | B71: math_calculation | C71: 98.51 | D71: 697 | E71: FALSE | F71: FALSE | G71: TRUE | H71: Moderate | I71: 65+ | J71: Bachelors | K71: Low | L71: Advanced | M71: Critical | N71: High | P71: FALSE | Q71: 9.5 | R71: TRUE | S71: Academic Paper | T71: 39 | U71: 100 | V71: TRUE | W71: Moderate Trust
A72: Gemini | B72: factual_historical | C72: 88.03 | D72: 129 | E72: TRUE | F72: FALSE | G72: FALSE | H72: Specific | I72: 45-54 | J72: Masters | K72: Expert | L72: Beginner | M72: Low | N72: High | P72: FALSE | Q72: 10 | R72: FALSE | T72: 0 | U72: 96.82 | V72: TRUE | W72: Blind Trust
A73: Mistral | B73: technical_coding | C73: 75.58 | D73: 253 | E73: FALSE | F73: FALSE | G73: FALSE | H73: Vague | I73: 55-64 | J73: PhD | K73: High | L73: Intermediate | M73: Low | P73: FALSE | Q73: 8.1 | R73: TRUE | S73: Consulted Documentation | T73: 32.6 | U73: 61.68 | V73: TRUE | W73: Moderate Trust
A74: Gemini | B74: opinion_based | C74: 47.38 | D74: 144 | E74: FALSE | F74: TRUE | G74: TRUE | H74: Specific | I74: 65+ | J74: Bachelors | K74: Medium | L74: Intermediate | M74: Critical | P74: FALSE | Q74: 4.2 | R74: TRUE | S74: Asked Colleague | T74: 31.8 | U74: 35.21 | V74: TRUE | W74: Highly Skeptical
A75: Gemini | B75: factual_historical | C75: 76.86 | D75: 439 | E75: TRUE | F75: FALSE | G75: FALSE | H75: Very Specific | I75: 55-64 | J75: PhD | K75: Low | L75: First Time | M75: Medium | N75: Medium | O75: TRUE | P75: FALSE | Q75: 10 | R75: TRUE | S75: Academic Paper | T75: 32.8 | U75: 68.52 | V75: FALSE | W75: Moderate Trust
A76: Claude | B76: math_calculation | C76: 88.16 | D76: 689 | E76: TRUE | F76: TRUE | G76: FALSE | H76: Vague | I76: 65+ | J76: High School | K76: Medium | L76: Expert | M76: Medium | N76: Low | O76: TRUE | P76: FALSE | Q76: 10 | R76: FALSE | T76: 0 | U76: 75.67 | V76: FALSE | W76: Blind Trust
A77: ChatGPT-3.5 | B77: scientific_facts | C77: 89.46 | D77: 751 | E77: TRUE | F77: TRUE | G77: TRUE | H77: Very Specific | I77: 25-34 | J77: High School | K77: Low | L77: Expert | M77: High | N77: Medium | O77: FALSE | P77: FALSE | Q77: 8.4 | R77: TRUE | S77: Google Search | T77: 35.8 | U77: 79.42 | V77: TRUE | W77: Moderate Trust
A78: Claude | B78: current_events | C78: 59.47 | D78: 771 | E78: FALSE | F78: TRUE | G78: TRUE | H78: Moderate | I78: 55-64 | J78: Bachelors | K78: Expert | L78: Expert | M78: Low | N78: High | O78: FALSE | P78: FALSE | Q78: 5.2 | R78: FALSE | T78: 0 | U78: 42.38 | V78: TRUE | W78: Skeptical
A79: ChatGPT-3.5 | B79: scientific_facts | C79: 88.65 | D79: 725 | E79: FALSE | F79: FALSE | G79: FALSE | H79: Moderate | I79: 25-34 | J79: Professional | K79: Low | L79: Advanced | M79: Low | O79: FALSE | P79: TRUE | Q79: 8.9 | R79: TRUE | S79: Asked Colleague | T79: 9.6 | U79: 79.42 | V79: TRUE | W79: Moderate Trust
A80: ChatGPT-3.5 | B80: general_knowledge | C80: 80.62 | D80: 517 | E80: FALSE | F80: FALSE | G80: FALSE | H80: Vague | I80: 45-54 | J80: PhD | K80: Low | L80: Intermediate | M80: High | O80: TRUE | P80: TRUE | Q80: 9 | R80: TRUE | S80: Asked Colleague | T80: 12.6 | U80: 68.01 | V80: FALSE | W80: Moderate Trust
A81: GPT-4 | B81: technical_coding | C81: 80.77 | D81: 597 | E81: TRUE | F81: FALSE | G81: TRUE | H81: Very Specific | I81: 65+ | J81: Professional | K81: Expert | L81: Intermediate | M81: High | N81: Low | P81: FALSE | Q81: 8.2 | R81: TRUE | S81: Asked Expert | T81: 16.2 | U81: 73.31 | V81: TRUE | W81: Moderate Trust
A82: Mistral | B82: scientific_facts | C82: 89.4 | D82: 388 | E82: TRUE | F82: TRUE | G82: FALSE | H82: Vague | I82: 65+ | J82: Professional | K82: Medium | L82: Advanced | M82: Low | N82: Low | O82: FALSE | P82: TRUE | Q82: 8.9 | R82: TRUE | S82: Consulted Documentation | T82: 16.3 | U82: 100 | V82: TRUE | W82: Moderate Trust
A83: Mistral | B83: creative_writing | C83: 77.13 | D83: 639 | E83: FALSE | F83: TRUE | G83: FALSE | H83: Vague | I83: 55-64 | J83: Masters | K83: Expert | L83: Expert | M83: High | N83: Medium | P83: FALSE | Q83: 6.9 | R83: TRUE | S83: Academic Paper | T83: 34.3 | U83: 66.69 | V83: TRUE | W83: Skeptical
A84: Gemini | B84: recipe_cooking | C84: 83.64 | D84: 756 | E84: FALSE | F84: FALSE | G84: FALSE | H84: Vague | I84: 45-54 | J84: Masters | K84: High | L84: Beginner | M84: High | N84: Medium | O84: TRUE | P84: FALSE | Q84: 10 | R84: TRUE | S84: Academic Paper | T84: 25.8 | U84: 80.54 | V84: TRUE | W84: Moderate Trust
A85: Claude | B85: recipe_cooking | C85: 88.54 | D85: 196 | E85: TRUE | F85: FALSE | G85: FALSE | H85: Specific | I85: 65+ | J85: High School | K85: Expert | L85: First Time | M85: Medium | N85: High | O85: TRUE | P85: TRUE | Q85: 10 | R85: FALSE | T85: 0 | U85: 96.36 | V85: TRUE | W85: Blind Trust
A86: Claude | B86: opinion_based | C86: 54.8 | D86: 770 | E86: TRUE | F86: TRUE | G86: TRUE | H86: Vague | I86: 45-54 | J86: PhD | K86: Low | L86: Advanced | M86: Low | N86: Medium | O86: TRUE | P86: FALSE | Q86: 8.9 | R86: TRUE | S86: Consulted Documentation | T86: 23.3 | U86: 59.7 | V86: FALSE | W86: Moderate Trust
A87: Gemini | B87: legal_advice | C87: 48.06 | D87: 566 | E87: TRUE | F87: FALSE | G87: TRUE | H87: Vague | I87: 35-44 | J87: Masters | K87: Expert | L87: Advanced | M87: High | N87: Medium | O87: FALSE | P87: FALSE | Q87: 3.9 | R87: TRUE | S87: Personal Testing | T87: 14.8 | U87: 61.44 | V87: FALSE | W87: Highly Skeptical
A88: Llama | B88: scientific_facts | C88: 87.56 | D88: 115 | E88: FALSE | F88: TRUE | G88: TRUE | H88: Vague | I88: 55-64 | J88: Professional | K88: Medium | L88: Intermediate | M88: Medium | N88: Low | O88: FALSE | P88: FALSE | Q88: 7.6 | R88: TRUE | S88: Personal Testing | T88: 32.5 | U88: 97.2 | V88: FALSE | W88: Skeptical
A89: Llama | B89: current_events | C89: 59.58 | D89: 295 | E89: FALSE | F89: TRUE | G89: TRUE | H89: Vague | I89: 25-34 | J89: High School | K89: High | L89: Advanced | M89: Low | O89: FALSE | P89: FALSE | Q89: 4.9 | R89: TRUE | S89: Academic Paper | T89: 19 | U89: 43.43 | V89: TRUE | W89: Highly Skeptical
A90: Claude | B90: scientific_facts | C90: 89.02 | D90: 339 | E90: FALSE | F90: FALSE | G90: FALSE | H90: Very Specific | I90: 35-44 | J90: PhD | K90: Expert | L90: First Time | M90: High | N90: Medium | O90: FALSE | P90: FALSE | Q90: 8.7 | R90: FALSE | T90: 0 | U90: 80.9 | V90: TRUE | W90: Blind Trust
A91: GPT-4 | B91: medical_advice | C91: 67.63 | D91: 357 | E91: FALSE | F91: TRUE | G91: TRUE | H91: Moderate | I91: 55-64 | J91: PhD | K91: Medium | L91: Advanced | M91: Critical | O91: FALSE | P91: TRUE | Q91: 4.1 | R91: TRUE | S91: Asked Colleague | T91: 42.8 | U91: 81.96 | V91: FALSE | W91: Highly Skeptical
A92: ChatGPT-3.5 | B92: opinion_based | C92: 42.75 | D92: 792 | E92: TRUE | F92: TRUE | G92: TRUE | H92: Very Specific | I92: 25-34 | J92: PhD | K92: Expert | L92: Intermediate | M92: High | N92: Low | O92: TRUE | P92: FALSE | Q92: 5.6 | R92: TRUE | S92: Cross-referenced Multiple AIs | T92: 14.7 | U92: 24.32 | V92: FALSE | W92: Skeptical
A93: Llama | B93: recipe_cooking | C93: 89.01 | D93: 193 | E93: FALSE | F93: FALSE | G93: TRUE | H93: Specific | I93: 18-24 | J93: High School | K93: High | L93: Expert | M93: Medium | N93: Low | O93: TRUE | P93: TRUE | Q93: 10 | R93: TRUE | S93: Asked Colleague | T93: 11.6 | U93: 74.75 | V93: FALSE | W93: Moderate Trust
A94: GPT-4 | B94: financial_advice | C94: 61.16 | D94: 108 | E94: FALSE | F94: TRUE | G94: TRUE | H94: Moderate | I94: 25-34 | J94: High School | K94: Medium | L94: Advanced | M94: Medium | O94: FALSE | P94: FALSE | Q94: 5.5 | R94: FALSE | T94: 0 | U94: 68.37 | V94: TRUE | W94: Skeptical
A95: ChatGPT-3.5 | B95: math_calculation | C95: 98 | D95: 275 | E95: FALSE | F95: FALSE | G95: TRUE | H95: Very Specific | I95: 18-24 | J95: PhD | K95: Low | L95: First Time | M95: Low | N95: High | O95: TRUE | P95: FALSE | Q95: 10 | R95: FALSE | T95: 0 | U95: 96.56 | V95: TRUE | W95: Blind Trust
A96: Mistral | B96: financial_advice | C96: 46.99 | D96: 108 | E96: TRUE | F96: FALSE | G96: FALSE | H96: Vague | I96: 55-64 | J96: Professional | K96: Medium | L96: First Time | M96: Medium | N96: Medium | P96: FALSE | Q96: 7.5 | R96: TRUE | S96: Checked Official Source | T96: 36.9 | U96: 33.92 | V96: FALSE | W96: Skeptical
A97: ChatGPT-3.5 | B97: general_knowledge | C97: 77.24 | D97: 642 | E97: TRUE | F97: TRUE | G97: TRUE | H97: Moderate | I97: 25-34 | J97: Bachelors | K97: Expert | L97: Beginner | M97: Critical | N97: High | O97: TRUE | P97: TRUE | Q97: 9.8 | R97: FALSE | T97: 0 | U97: 66.48 | V97: FALSE | W97: Blind Trust
A98: Mistral | B98: legal_advice | C98: 61.57 | D98: 780 | E98: TRUE | F98: TRUE | G98: FALSE | H98: Specific | I98: 25-34 | J98: Masters | K98: Medium | L98: Intermediate | M98: Critical | N98: Medium | O98: FALSE | P98: FALSE | Q98: 4.9 | R98: TRUE | S98: Checked Official Source | T98: 18.2 | U98: 75.93 | V98: FALSE | W98: Highly Skeptical
A99: GPT-4 | B99: math_calculation | C99: 96.55 | D99: 723 | E99: FALSE | F99: FALSE | G99: FALSE | H99: Vague | I99: 55-64 | J99: Bachelors | K99: Expert | L99: Advanced | M99: Low | N99: Low | O99: TRUE | P99: FALSE | Q99: 10 | R99: TRUE | S99: Asked Expert | T99: 19.6 | U99: 94.05 | V99: TRUE | W99: Moderate Trust
A100: Gemini | B100: legal_advice | C100: 47.62 | D100: 224 | E100: TRUE | F100: TRUE | G100: TRUE | H100: Vague | I100: 65+ | J100: Masters | K100: Low | L100: Intermediate | M100: Low | N100: High | P100: TRUE | Q100: 6.8 | R100: TRUE | S100: Consulted Documentation | T100: 2.8 | U100: 33.5 | V100: FALSE | W100: Skeptical
...

Sheet Raw_Data
A1: ai_model_name | B1: query_category | C1: ai_confidence_percentage | D1: response_character_count | E1: has_cited_sources | F1: contains_hedging_words | G1: includes_disclaimer | H1: answer_detail_level | I1: respondent_age_bracket | J1: education_level | K1: digital_literacy_score | L1: ai_familiarity_level | M1: decision_importance | N1: urgency_level | O1: belief_alignment_status | P1: subject_matter_expertise | Q1: trust_score_out_of_10 | R1: performed_fact_check | S1: fact_check_method_used | T1: verification_duration_mins | U1: answer_accuracy_percentage | V1: trust_calibration_valid | W1: user_skepticism_category
A2: Claude | B2: math_calculation | C2: 93.23 | D2: 527 | E2: TRUE | F2: FALSE | G2: FALSE | H2: Moderate | I2: 45-54 | J2: Bachelors | K2: Low | L2: Intermediate | M2: Low | N2: Low | O2: FALSE | P2: FALSE | Q2: 10 | R2: TRUE | S2: Google Search | T2: 10.7 | U2: 80.15 | V2: TRUE | W2: Moderate Trust
A3: Llama | B3: recipe_cooking | C3: 84.47 | D3: 581 | E3: FALSE | F3: FALSE | G3: FALSE | H3: Specific | I3: 55-64 | J3: PhD | K3: Expert | L3: First Time | M3: High | O3: FALSE | P3: TRUE | Q3: 7.9 | R3: TRUE | S3: Asked Expert | T3: 44.3 | U3: 92.33 | V3: TRUE | W3: Skeptical
A4: Claude | B4: general_knowledge | C4: 69.82 | D4: 484 | E4: TRUE | F4: TRUE | G4: FALSE | H4: Very Specific | I4: 35-44 | J4: High School | K4: Medium | L4: Intermediate | M4: Critical | O4: TRUE | P4: FALSE | Q4: 8.6 | R4: TRUE | S4: Consulted Documentation | T4: 37.5 | U4: 67.32 | V4: TRUE | W4: Moderate Trust
A5: Claude | B5: creative_writing | C5: 79.61 | D5: 73 | E5: TRUE | F5: TRUE | G5: FALSE | H5: Specific | I5: 45-54 | J5: Professional | K5: Low | L5: Advanced | M5: High | P5: FALSE | Q5: 8.9 | R5: TRUE | S5: Checked Official Source | T5: 22.7 | U5: 73.12 | V5: TRUE | W5: Moderate Trust
A6: Claude | B6: creative_writing | C6: 67.71 | D6: 146 | E6: FALSE | F6: TRUE | G6: FALSE | H6: Vague | I6: 55-64 | J6: Masters | K6: Low | L6: Expert | M6: Low | O6: TRUE | P6: TRUE | Q6: 9 | R6: TRUE | S6: Academic Paper | T6: 43.7 | U6: 81.05 | V6: TRUE | W6: Moderate Trust
A7: Mistral | B7: math_calculation | C7: 93.41 | D7: 198 | E7: FALSE | F7: TRUE | G7: FALSE | H7: Moderate | I7: 18-24 | J7: Professional | K7: Expert | L7: Advanced | M7: Medium | O7: FALSE | P7: FALSE | Q7: 8.2 | R7: FALSE | T7: 0 | U7: 100 | V7: TRUE | W7: Blind Trust
A8: Claude | B8: technical_coding | C8: 75.87 | D8: 285 | E8: FALSE | F8: FALSE | G8: TRUE | H8: Very Specific | I8: 18-24 | J8: High School | K8: Expert | L8: Expert | M8: Low | N8: High | O8: FALSE | P8: TRUE | Q8: 7.6 | R8: FALSE | T8: 0 | U8: 79.04 | V8: TRUE | W8: Moderate Trust
A9: Claude | B9: financial_advice | C9: 57.32 | D9: 371 | E9: TRUE | F9: FALSE | G9: FALSE | H9: Vague | I9: 55-64 | J9: Professional | K9: Medium | L9: First Time | M9: Critical | N9: High | P9: FALSE | Q9: 6.4 | R9: FALSE | T9: 0 | U9: 55.65 | V9: TRUE | W9: Moderate Trust
A10: ChatGPT-3.5 | B10: medical_advice | C10: 50.17 | D10: 344 | E10: FALSE | F10: FALSE | G10: TRUE | H10: Vague | I10: 65+ | J10: PhD | K10: Medium | L10: Advanced | M10: Medium | N10: High | P10: FALSE | Q10: 5.3 | R10: TRUE | S10: Personal Testing | T10: 20 | U10: 41.69 | V10: TRUE | W10: Skeptical
A11: Llama | B11: medical_advice | C11: 58.77 | D11: 63 | E11: FALSE | F11: FALSE | G11: TRUE | H11: Vague | I11: 65+ | J11: Professional | K11: Low | L11: Expert | M11: Medium | N11: Low | O11: FALSE | P11: FALSE | Q11: 5.6 | R11: TRUE | S11: Cross-referenced Multiple AIs | T11: 23.5 | U11: 50.81 | V11: TRUE | W11: Skeptical
A12: Claude | B12: general_knowledge | C12: 82.85 | D12: 331 | E12: TRUE | F12: TRUE | G12: TRUE | H12: Specific | I12: 45-54 | J12: Masters | K12: Expert | L12: First Time | M12: Medium | N12: Medium | P12: TRUE | Q12: 10 | R12: TRUE | S12: Academic Paper | T12: 22.9 | U12: 68.05 | V12: FALSE | W12: Moderate Trust
A13: Claude | B13: recipe_cooking | C13: 76.69 | D13: 70 | E13: TRUE | F13: FALSE | G13: TRUE | H13: Moderate | I13: 18-24 | J13: Professional | K13: Low | L13: Expert | M13: Low | N13: Medium | P13: TRUE | Q13: 9.9 | R13: FALSE | T13: 0 | U13: 62.11 | V13: FALSE | W13: Blind Trust
A14: Llama | B14: current_events | C14: 77.43 | D14: 549 | E14: FALSE | F14: FALSE | G14: TRUE | H14: Vague | I14: 25-34 | J14: PhD | K14: High | L14: Advanced | M14: Low | N14: Medium | O14: TRUE | P14: FALSE | Q14: 9.5 | R14: TRUE | S14: Checked Official Source | T14: 33.8 | U14: 73.81 | V14: FALSE | W14: Moderate Trust
A15: Gemini | B15: recipe_cooking | C15: 78.83 | D15: 419 | E15: FALSE | F15: TRUE | G15: FALSE | H15: Specific | I15: 35-44 | J15: High School | K15: Expert | L15: Advanced | M15: Medium | N15: Medium | P15: FALSE | Q15: 7.2 | R15: TRUE | S15: Cross-referenced Multiple AIs | T15: 41.9 | U15: 81.22 | V15: TRUE | W15: Skeptical
A16: Gemini | B16: creative_writing | C16: 75 | D16: 386 | E16: FALSE | F16: TRUE | G16: TRUE | H16: Moderate | I16: 45-54 | J16: Professional | K16: Medium | L16: Intermediate | M16: Low | N16: Medium | O16: TRUE | P16: FALSE | Q16: 9.9 | R16: FALSE | T16: 0 | U16: 66.21 | V16: FALSE | W16: Blind Trust
A17: Gemini | B17: current_events | C17: 55.73 | D17: 698 | E17: TRUE | F17: TRUE | G17: FALSE | H17: Moderate | I17: 18-24 | J17: Bachelors | K17: Low | L17: Beginner | M17: Critical | N17: High | O17: FALSE | P17: TRUE | Q17: 5.2 | R17: FALSE | T17: 0 | U17: 55.92 | V17: TRUE | W17: Skeptical
A18: Gemini | B18: factual_historical | C18: 79.42 | D18: 382 | E18: FALSE | F18: FALSE | G18: TRUE | H18: Vague | I18: 18-24 | J18: Professional | K18: Expert | L18: Advanced | M18: High | N18: High | O18: FALSE | P18: FALSE | Q18: 6.7 | R18: TRUE | S18: Asked Expert | T18: 30 | U18: 88.58 | V18: FALSE | W18: Skeptical
A19: Claude | B19: opinion_based | C19: 47.7 | D19: 53 | E19: FALSE | F19: TRUE | G19: FALSE | H19: Vague | I19: 65+ | J19: PhD | K19: High | L19: Beginner | M19: Critical | N19: Low | O19: FALSE | P19: TRUE | Q19: 2.9 | R19: TRUE | S19: Academic Paper | T19: 29.9 | U19: 40.41 | V19: TRUE | W19: Highly Skeptical
A20: ChatGPT-3.5 | B20: legal_advice | C20: 52.94 | D20: 725 | E20: TRUE | F20: FALSE | G20: TRUE | H20: Vague | I20: 55-64 | J20: PhD | K20: Medium | L20: Intermediate | M20: Critical | N20: Medium | O20: FALSE | P20: TRUE | Q20: 4.7 | R20: TRUE | S20: Personal Testing | T20: 36.1 | U20: 38.72 | V20: TRUE | W20: Highly Skeptical
A21: Gemini | B21: technical_coding | C21: 91.49 | D21: 457 | E21: TRUE | F21: TRUE | G21: FALSE | H21: Very Specific | I21: 35-44 | J21: Masters | K21: Expert | L21: Advanced | M21: Medium | N21: Low | P21: TRUE | Q21: 9.4 | R21: FALSE | T21: 0 | U21: 78.01 | V21: TRUE | W21: Blind Trust
A22: Llama | B22: recipe_cooking | C22: 85.85 | D22: 617 | E22: FALSE | F22: TRUE | G22: FALSE | H22: Specific | I22: 55-64 | J22: Bachelors | K22: Low | L22: Beginner | M22: Low | N22: Low | P22: FALSE | Q22: 9.9 | R22: TRUE | S22: Cross-referenced Multiple AIs | T22: 42.1 | U22: 77.63 | V22: FALSE | W22: Moderate Trust
A23: Claude | B23: financial_advice | C23: 55.95 | D23: 166 | E23: TRUE | F23: FALSE | G23: TRUE | H23: Very Specific | I23: 18-24 | J23: Masters | K23: Medium | L23: First Time | M23: High | N23: High | P23: TRUE | Q23: 7.7 | R23: TRUE | S23: Checked Official Source | T23: 34.3 | U23: 55.71 | V23: FALSE | W23: Skeptical
A24: Mistral | B24: current_events | C24: 75.51 | D24: 289 | E24: TRUE | F24: FALSE | G24: TRUE | H24: Specific | I24: 45-54 | J24: Masters | K24: Low | L24: First Time | M24: High | N24: Low | O24: TRUE | P24: TRUE | Q24: 10 | R24: TRUE | S24: Google Search | T24: 13 | U24: 53.58 | V24: FALSE | W24: Moderate Trust
A25: Llama | B25: opinion_based | C25: 42.81 | D25: 86 | E25: TRUE | F25: FALSE | G25: TRUE | H25: Very Specific | I25: 45-54 | J25: Masters | K25: Low | L25: Intermediate | M25: Critical | N25: High | O25: FALSE | P25: FALSE | Q25: 2.7 | R25: TRUE | S25: Academic Paper | T25: 2.5 | U25: 21.4 | V25: TRUE | W25: Highly Skeptical
A26: GPT-4 | B26: current_events | C26: 62.31 | D26: 51 | E26: FALSE | F26: TRUE | G26: TRUE | H26: Very Specific | I26: 65+ | J26: PhD | K26: Low | L26: Beginner | M26: High | N26: Low | O26: FALSE | P26: FALSE | Q26: 4.8 | R26: TRUE | S26: Cross-referenced Multiple AIs | T26: 26.2 | U26: 40.83 | V26: TRUE | W26: Highly Skeptical
A27: GPT-4 | B27: current_events | C27: 65.12 | D27: 320 | E27: FALSE | F27: TRUE | G27: TRUE | H27: Very Specific | I27: 18-24 | J27: PhD | K27: Expert | L27: Beginner | M27: High | O27: TRUE | P27: FALSE | Q27: 7.5 | R27: TRUE | S27: Personal Testing | T27: 11.5 | U27: 61.68 | V27: TRUE | W27: Skeptical
A28: Claude | B28: legal_advice | C28: 64.2 | D28: 293 | E28: TRUE | F28: FALSE | G28: FALSE | H28: Specific | I28: 65+ | J28: PhD | K28: High | L28: Expert | M28: Low | N28: High | O28: FALSE | P28: FALSE | Q28: 6.6 | R28: TRUE | S28: Google Search | T28: 27.5 | U28: 59.63 | V28: TRUE | W28: Skeptical
A29: Claude | B29: creative_writing | C29: 64.93 | D29: 177 | E29: TRUE | F29: FALSE | G29: FALSE | H29: Very Specific | I29: 65+ | J29: Masters | K29: Low | L29: Advanced | M29: Low | N29: Low | O29: TRUE | P29: FALSE | Q29: 9.4 | R29: TRUE | S29: Checked Official Source | T29: 30.4 | U29: 67.76 | V29: FALSE | W29: Moderate Trust
A30: Gemini | B30: technical_coding | C30: 75.1 | D30: 107 | E30: FALSE | F30: FALSE | G30: TRUE | H30: Moderate | I30: 65+ | J30: PhD | K30: Expert | L30: Beginner | M30: High | O30: TRUE | P30: TRUE | Q30: 9.5 | R30: TRUE | S30: Consulted Documentation | T30: 37.6 | U30: 69.68 | V30: FALSE | W30: Moderate Trust
A31: ChatGPT-3.5 | B31: opinion_based | C31: 43.22 | D31: 345 | E31: TRUE | F31: TRUE | G31: TRUE | H31: Moderate | I31: 35-44 | J31: High School | K31: Low | L31: Intermediate | M31: High | N31: Medium | O31: FALSE | P31: FALSE | Q31: 4.3 | R31: FALSE | T31: 0 | U31: 26.69 | V31: TRUE | W31: Skeptical
A32: Gemini | B32: legal_advice | C32: 58.29 | D32: 776 | E32: TRUE | F32: FALSE | G32: TRUE | H32: Vague | I32: 65+ | J32: PhD | K32: Low | L32: First Time | M32: Low | N32: High | O32: TRUE | P32: TRUE | Q32: 10 | R32: FALSE | T32: 0 | U32: 63.76 | V32: FALSE | W32: Blind Trust
A33: Llama | B33: current_events | C33: 76.42 | D33: 466 | E33: TRUE | F33: FALSE | G33: FALSE | H33: Moderate | I33: 35-44 | J33: Masters | K33: Expert | L33: Expert | M33: Critical | O33: TRUE | P33: TRUE | Q33: 9.4 | R33: TRUE | S33: Google Search | T33: 30.9 | U33: 66.39 | V33: FALSE | W33: Moderate Trust
A34: Gemini | B34: financial_advice | C34: 48.76 | D34: 60 | E34: FALSE | F34: TRUE | G34: TRUE | H34: Moderate | I34: 65+ | J34: Bachelors | K34: Medium | L34: Beginner | M34: Medium | N34: Low | O34: TRUE | P34: FALSE | Q34: 7.3 | R34: TRUE | S34: Checked Official Source | T34: 26.3 | U34: 47.61 | V34: FALSE | W34: Skeptical
A35: GPT-4 | B35: math_calculation | C35: 92.82 | D35: 541 | E35: TRUE | F35: FALSE | G35: FALSE | H35: Moderate | I35: 65+ | J35: High School | K35: Medium | L35: Beginner | M35: Medium | P35: FALSE | Q35: 10 | R35: FALSE | T35: 0 | U35: 90.77 | V35: TRUE | W35: Blind Trust
A36: Mistral | B36: financial_advice | C36: 46.95 | D36: 521 | E36: FALSE | F36: FALSE | G36: FALSE | H36: Vague | I36: 55-64 | J36: High School | K36: Expert | L36: Intermediate | M36: Low | P36: FALSE | Q36: 5.2 | R36: TRUE | S36: Academic Paper | T36: 25.5 | U36: 58.55 | V36: TRUE | W36: Skeptical
A37: Claude | B37: creative_writing | C37: 60.77 | D37: 442 | E37: TRUE | F37: TRUE | G37: TRUE | H37: Moderate | I37: 35-44 | J37: High School | K37: Expert | L37: Beginner | M37: Low | N37: Low | P37: FALSE | Q37: 8 | R37: TRUE | S37: Personal Testing | T37: 35 | U37: 71.84 | V37: TRUE | W37: Moderate Trust
A38: Claude | B38: financial_advice | C38: 56.58 | D38: 688 | E38: FALSE | F38: TRUE | G38: FALSE | H38: Moderate | I38: 35-44 | J38: High School | K38: Expert | L38: First Time | M38: Medium | P38: TRUE | Q38: 5.7 | R38: TRUE | S38: Google Search | T38: 14.8 | U38: 48.42 | V38: TRUE | W38: Skeptical
A39: Claude | B39: math_calculation | C39: 98.66 | D39: 109 | E39: FALSE | F39: TRUE | G39: TRUE | H39: Specific | I39: 45-54 | J39: Professional | K39: High | L39: Beginner | M39: Medium | O39: FALSE | P39: TRUE | Q39: 9.1 | R39: TRUE | S39: Cross-referenced Multiple AIs | T39: 16.6 | U39: 89.95 | V39: TRUE | W39: Moderate Trust
A40: Claude | B40: math_calculation | C40: 89.07 | D40: 258 | E40: FALSE | F40: FALSE | G40: TRUE | H40: Very Specific | I40: 55-64 | J40: Masters | K40: Expert | L40: Expert | M40: High | N40: Medium | O40: TRUE | P40: FALSE | Q40: 10 | R40: TRUE | S40: Asked Colleague | T40: 37.6 | U40: 89.53 | V40: TRUE | W40: Moderate Trust
A41: GPT-4 | B41: factual_historical | C41: 83.32 | D41: 152 | E41: TRUE | F41: TRUE | G41: TRUE | H41: Moderate | I41: 65+ | J41: PhD | K41: Low | L41: Beginner | M41: Critical | N41: Medium | O41: TRUE | P41: TRUE | Q41: 10 | R41: TRUE | S41: Google Search | T41: 44.5 | U41: 81 | V41: TRUE | W41: Moderate Trust
A42: ChatGPT-3.5 | B42: scientific_facts | C42: 77.77 | D42: 97 | E42: FALSE | F42: TRUE | G42: FALSE | H42: Moderate | I42: 18-24 | J42: PhD | K42: Expert | L42: Beginner | M42: Critical | N42: Medium | P42: TRUE | Q42: 7.2 | R42: TRUE | S42: Cross-referenced Multiple AIs | T42: 2.2 | U42: 76.98 | V42: TRUE | W42: Skeptical
A43: Claude | B43: current_events | C43: 65.01 | D43: 74 | E43: TRUE | F43: TRUE | G43: FALSE | H43: Specific | I43: 25-34 | J43: Masters | K43: Low | L43: Expert | M43: Low | N43: Medium | O43: FALSE | P43: FALSE | Q43: 8 | R43: FALSE | T43: 0 | U43: 46.75 | V43: FALSE | W43: Blind Trust
A44: GPT-4 | B44: recipe_cooking | C44: 84.03 | D44: 180 | E44: FALSE | F44: FALSE | G44: TRUE | H44: Moderate | I44: 65+ | J44: PhD | K44: High | L44: First Time | M44: High | N44: Medium | O44: TRUE | P44: TRUE | Q44: 10 | R44: TRUE | S44: Google Search | T44: 34.6 | U44: 85.07 | V44: TRUE | W44: Moderate Trust
A45: Gemini | B45: legal_advice | C45: 66.99 | D45: 263 | E45: FALSE | F45: FALSE | G45: TRUE | H45: Very Specific | I45: 18-24 | J45: Bachelors | K45: High | L45: Intermediate | M45: Medium | N45: Medium | P45: FALSE | Q45: 6.7 | R45: TRUE | S45: Google Search | T45: 6.1 | U45: 60.83 | V45: TRUE | W45: Skeptical
A46: ChatGPT-3.5 | B46: technical_coding | C46: 78.57 | D46: 772 | E46: TRUE | F46: FALSE | G46: FALSE | H46: Moderate | I46: 18-24 | J46: Bachelors | K46: Medium | L46: Advanced | M46: Medium | O46: FALSE | P46: FALSE | Q46: 9 | R46: FALSE | T46: 0 | U46: 92.84 | V46: TRUE | W46: Blind Trust
A47: GPT-4 | B47: scientific_facts | C47: 80.43 | D47: 560 | E47: TRUE | F47: FALSE | G47: TRUE | H47: Moderate | I47: 18-24 | J47: PhD | K47: High | L47: Beginner | M47: Medium | O47: FALSE | P47: TRUE | Q47: 8.5 | R47: TRUE | S47: Asked Expert | T47: 19.6 | U47: 84.6 | V47: TRUE | W47: Moderate Trust
A48: Mistral | B48: recipe_cooking | C48: 76.07 | D48: 188 | E48: FALSE | F48: TRUE | G48: TRUE | H48: Moderate | I48: 55-64 | J48: High School | K48: Expert | L48: Advanced | M48: Low | N48: Medium | O48: FALSE | P48: TRUE | Q48: 6.5 | R48: TRUE | S48: Asked Expert | T48: 35.6 | U48: 65.51 | V48: TRUE | W48: Skeptical
A49: ChatGPT-3.5 | B49: legal_advice | C49: 68.36 | D49: 416 | E49: TRUE | F49: TRUE | G49: FALSE | H49: Moderate | I49: 25-34 | J49: PhD | K49: Low | L49: Intermediate | M49: Low | N49: Medium | P49: TRUE | Q49: 8.2 | R49: FALSE | T49: 0 | U49: 76.36 | V49: TRUE | W49: Blind Trust
A50: GPT-4 | B50: technical_coding | C50: 86.27 | D50: 666 | E50: FALSE | F50: FALSE | G50: TRUE | H50: Very Specific | I50: 18-24 | J50: Bachelors | K50: Expert | L50: Intermediate | M50: High | N50: Medium | P50: FALSE | Q50: 8.1 | R50: TRUE | S50: Asked Expert | T50: 25.3 | U50: 79.5 | V50: TRUE | W50: Moderate Trust
A51: Claude | B51: recipe_cooking | C51: 78 | D51: 563 | E51: FALSE | F51: TRUE | G51: FALSE | H51: Very Specific | I51: 45-54 | J51: PhD | K51: Medium | L51: Intermediate | M51: Medium | N51: Low | P51: FALSE | Q51: 8.1 | R51: FALSE | T51: 0 | U51: 74.43 | V51: TRUE | W51: Blind Trust
A52: Gemini | B52: creative_writing | C52: 64.34 | D52: 477 | E52: TRUE | F52: TRUE | G52: FALSE | H52: Moderate | I52: 45-54 | J52: High School | K52: High | L52: Beginner | M52: Low | N52: Medium | P52: TRUE | Q52: 8.7 | R52: FALSE | T52: 0 | U52: 75.1 | V52: TRUE | W52: Blind Trust
A53: ChatGPT-3.5 | B53: financial_advice | C53: 48.63 | D53: 758 | E53: TRUE | F53: TRUE | G53: TRUE | H53: Specific | I53: 35-44 | J53: High School | K53: Medium | L53: Intermediate | M53: Medium | P53: FALSE | Q53: 5.7 | R53: FALSE | T53: 0 | U53: 60.58 | V53: TRUE | W53: Skeptical
A54: GPT-4 | B54: technical_coding | C54: 78.51 | D54: 751 | E54: TRUE | F54: FALSE | G54: TRUE | H54: Vague | I54: 45-54 | J54: Masters | K54: Medium | L54: Intermediate | M54: High | N54: High | P54: FALSE | Q54: 8.5 | R54: TRUE | S54: Consulted Documentation | T54: 22.1 | U54: 73.84 | V54: TRUE | W54: Moderate Trust
A55: ChatGPT-3.5 | B55: general_knowledge | C55: 65.68 | D55: 228 | E55: FALSE | F55: TRUE | G55: FALSE | H55: Vague | I55: 18-24 | J55: Professional | K55: Medium | L55: Beginner | M55: Low | N55: High | O55: FALSE | P55: TRUE | Q55: 6.6 | R55: FALSE | T55: 0 | U55: 67.84 | V55: TRUE | W55: Moderate Trust
A56: Gemini | B56: recipe_cooking | C56: 83.56 | D56: 782 | E56: FALSE | F56: FALSE | G56: FALSE | H56: Moderate | I56: 35-44 | J56: Professional | K56: Medium | L56: Intermediate | M56: Medium | P56: TRUE | Q56: 8.9 | R56: TRUE | S56: Consulted Documentation | T56: 17.2 | U56: 77.87 | V56: TRUE | W56: Moderate Trust
A57: Mistral | B57: scientific_facts | C57: 78.98 | D57: 721 | E57: TRUE | F57: FALSE | G57: TRUE | H57: Specific | I57: 45-54 | J57: High School | K57: Low | L57: Expert | M57: High | N57: High | O57: TRUE | P57: TRUE | Q57: 10 | R57: FALSE | T57: 0 | U57: 81.3 | V57: TRUE | W57: Blind Trust
A58: ChatGPT-3.5 | B58: opinion_based | C58: 44.6 | D58: 177 | E58: TRUE | F58: TRUE | G58: TRUE | H58: Vague | I58: 35-44 | J58: Masters | K58: Low | L58: Expert | M58: High | O58: TRUE | P58: FALSE | Q58: 5.8 | R58: TRUE | S58: Asked Colleague | T58: 37 | U58: 22.32 | V58: FALSE | W58: Skeptical
A59: ChatGPT-3.5 | B59: scientific_facts | C59: 89.73 | D59: 530 | E59: FALSE | F59: FALSE | G59: TRUE | H59: Very Specific | I59: 55-64 | J59: Masters | K59: High | L59: Advanced | M59: Critical | N59: Medium | P59: FALSE | Q59: 8 | R59: FALSE | T59: 0 | U59: 87.16 | V59: TRUE | W59: Blind Trust
A60: Gemini | B60: math_calculation | C60: 85.71 | D60: 745 | E60: TRUE | F60: TRUE | G60: TRUE | H60: Moderate | I60: 65+ | J60: Bachelors | K60: Expert | L60: Beginner | M60: High | N60: Low | P60: TRUE | Q60: 8.8 | R60: TRUE | S60: Asked Colleague | T60: 41.3 | U60: 79.75 | V60: TRUE | W60: Moderate Trust
A61: Mistral | B61: medical_advice | C61: 66.94 | D61: 591 | E61: FALSE | F61: TRUE | G61: FALSE | H61: Vague | I61: 18-24 | J61: PhD | K61: Medium | L61: First Time | M61: Critical | N61: Medium | P61: FALSE | Q61: 6.2 | R61: TRUE | S61: Personal Testing | T61: 31 | U61: 58.21 | V61: TRUE | W61: Skeptical
A62: Gemini | B62: creative_writing | C62: 69.4 | D62: 127 | E62: TRUE | F62: TRUE | G62: FALSE | H62: Specific | I62: 18-24 | J62: PhD | K62: High | L62: Advanced | M62: Critical | N62: Medium | P62: TRUE | Q62: 7 | R62: TRUE | S62: Asked Colleague | T62: 8.4 | U62: 83.3 | V62: TRUE | W62: Skeptical
A63: Llama | B63: creative_writing | C63: 78.42 | D63: 154 | E63: FALSE | F63: FALSE | G63: FALSE | H63: Vague | I63: 35-44 | J63: PhD | K63: Low | L63: Intermediate | M63: Low | N63: Medium | P63: FALSE | Q63: 8.8 | R63: FALSE | T63: 0 | U63: 66.9 | V63: FALSE | W63: Blind Trust
A64: Mistral | B64: recipe_cooking | C64: 80.39 | D64: 298 | E64: FALSE | F64: TRUE | G64: FALSE | H64: Specific | I64: 25-34 | J64: Professional | K64: Medium | L64: Expert | M64: High | N64: High | O64: FALSE | P64: TRUE | Q64: 7.5 | R64: TRUE | S64: Academic Paper | T64: 2.4 | U64: 77.29 | V64: TRUE | W64: Skeptical
A65: GPT-4 | B65: technical_coding | C65: 83.16 | D65: 257 | E65: TRUE | F65: TRUE | G65: TRUE | H65: Specific | I65: 65+ | J65: Professional | K65: Medium | L65: Expert | M65: High | P65: TRUE | Q65: 9.3 | R65: TRUE | S65: Cross-referenced Multiple AIs | T65: 16.5 | U65: 96.68 | V65: TRUE | W65: Moderate Trust
A66: ChatGPT-3.5 | B66: general_knowledge | C66: 72.92 | D66: 490 | E66: FALSE | F66: TRUE | G66: TRUE | H66: Very Specific | I66: 25-34 | J66: PhD | K66: Medium | L66: Advanced | M66: Low | N66: Low | O66: FALSE | P66: TRUE | Q66: 7.3 | R66: TRUE | S66: Academic Paper | T66: 37.6 | U66: 87.51 | V66: TRUE | W66: Skeptical
A67: ChatGPT-3.5 | B67: recipe_cooking | C67: 75.38 | D67: 317 | E67: FALSE | F67: TRUE | G67: FALSE | H67: Specific | I67: 35-44 | J67: Masters | K67: Medium | L67: Advanced | M67: Critical | O67: FALSE | P67: FALSE | Q67: 5.1 | R67: TRUE | S67: Asked Colleague | T67: 25.4 | U67: 60.63 | V67: TRUE | W67: Skeptical
A68: Llama | B68: current_events | C68: 65.96 | D68: 794 | E68: TRUE | F68: TRUE | G68: TRUE | H68: Very Specific | I68: 55-64 | J68: Bachelors | K68: Low | L68: First Time | M68: Critical | N68: High | P68: TRUE | Q68: 7.4 | R68: TRUE | S68: Consulted Documentation | T68: 21.3 | U68: 66.6 | V68: TRUE | W68: Skeptical
A69: Llama | B69: legal_advice | C69: 58.08 | D69: 587 | E69: TRUE | F69: TRUE | G69: FALSE | H69: Very Specific | I69: 65+ | J69: PhD | K69: Medium | L69: Intermediate | M69: Low | N69: High | P69: FALSE | Q69: 7.9 | R69: TRUE | S69: Google Search | T69: 41.5 | U69: 61.59 | V69: TRUE | W69: Skeptical
A70: GPT-4 | B70: current_events | C70: 59.28 | D70: 138 | E70: TRUE | F70: TRUE | G70: FALSE | H70: Specific | I70: 35-44 | J70: Professional | K70: Medium | L70: Advanced | M70: Medium | N70: High | P70: TRUE | Q70: 7.6 | R70: FALSE | T70: 0 | U70: 35.69 | V70: FALSE | W70: Moderate Trust
A71: ChatGPT-3.5 | B71: math_calculation | C71: 98.51 | D71: 697 | E71: FALSE | F71: FALSE | G71: TRUE | H71: Moderate | I71: 65+ | J71: Bachelors | K71: Low | L71: Advanced | M71: Critical | N71: High | P71: FALSE | Q71: 9.5 | R71: TRUE | S71: Academic Paper | T71: 39 | U71: 100 | V71: TRUE | W71: Moderate Trust
A72: Gemini | B72: factual_historical | C72: 88.03 | D72: 129 | E72: TRUE | F72: FALSE | G72: FALSE | H72: Specific | I72: 45-54 | J72: Masters | K72: Expert | L72: Beginner | M72: Low | N72: High | P72: FALSE | Q72: 10 | R72: FALSE | T72: 0 | U72: 96.82 | V72: TRUE | W72: Blind Trust
A73: Mistral | B73: technical_coding | C73: 75.58 | D73: 253 | E73: FALSE | F73: FALSE | G73: FALSE | H73: Vague | I73: 55-64 | J73: PhD | K73: High | L73: Intermediate | M73: Low | P73: FALSE | Q73: 8.1 | R73: TRUE | S73: Consulted Documentation | T73: 32.6 | U73: 61.68 | V73: TRUE | W73: Moderate Trust
A74: Gemini | B74: opinion_based | C74: 47.38 | D74: 144 | E74: FALSE | F74: TRUE | G74: TRUE | H74: Specific | I74: 65+ | J74: Bachelors | K74: Medium | L74: Intermediate | M74: Critical | P74: FALSE | Q74: 4.2 | R74: TRUE | S74: Asked Colleague | T74: 31.8 | U74: 35.21 | V74: TRUE | W74: Highly Skeptical
A75: Gemini | B75: factual_historical | C75: 76.86 | D75: 439 | E75: TRUE | F75: FALSE | G75: FALSE | H75: Very Specific | I75: 55-64 | J75: PhD | K75: Low | L75: First Time | M75: Medium | N75: Medium | O75: TRUE | P75: FALSE | Q75: 10 | R75: TRUE | S75: Academic Paper | T75: 32.8 | U75: 68.52 | V75: FALSE | W75: Moderate Trust
A76: Claude | B76: math_calculation | C76: 88.16 | D76: 689 | E76: TRUE | F76: TRUE | G76: FALSE | H76: Vague | I76: 65+ | J76: High School | K76: Medium | L76: Expert | M76: Medium | N76: Low | O76: TRUE | P76: FALSE | Q76: 10 | R76: FALSE | T76: 0 | U76: 75.67 | V76: FALSE | W76: Blind Trust
A77: ChatGPT-3.5 | B77: scientific_facts | C77: 89.46 | D77: 751 | E77: TRUE | F77: TRUE | G77: TRUE | H77: Very Specific | I77: 25-34 | J77: High School | K77: Low | L77: Expert | M77: High | N77: Medium | O77: FALSE | P77: FALSE | Q77: 8.4 | R77: TRUE | S77: Google Search | T77: 35.8 | U77: 79.42 | V77: TRUE | W77: Moderate Trust
A78: Claude | B78: current_events | C78: 59.47 | D78: 771 | E78: FALSE | F78: TRUE | G78: TRUE | H78: Moderate | I78: 55-64 | J78: Bachelors | K78: Expert | L78: Expert | M78: Low | N78: High | O78: FALSE | P78: FALSE | Q78: 5.2 | R78: FALSE | T78: 0 | U78: 42.38 | V78: TRUE | W78: Skeptical
A79: ChatGPT-3.5 | B79: scientific_facts | C79: 88.65 | D79: 725 | E79: FALSE | F79: FALSE | G79: FALSE | H79: Moderate | I79: 25-34 | J79: Professional | K79: Low | L79: Advanced | M79: Low | O79: FALSE | P79: TRUE | Q79: 8.9 | R79: TRUE | S79: Asked Colleague | T79: 9.6 | U79: 79.42 | V79: TRUE | W79: Moderate Trust
A80: ChatGPT-3.5 | B80: general_knowledge | C80: 80.62 | D80: 517 | E80: FALSE | F80: FALSE | G80: FALSE | H80: Vague | I80: 45-54 | J80: PhD | K80: Low | L80: Intermediate | M80: High | O80: TRUE | P80: TRUE | Q80: 9 | R80: TRUE | S80: Asked Colleague | T80: 12.6 | U80: 68.01 | V80: FALSE | W80: Moderate Trust
A81: GPT-4 | B81: technical_coding | C81: 80.77 | D81: 597 | E81: TRUE | F81: FALSE | G81: TRUE | H81: Very Specific | I81: 65+ | J81: Professional | K81: Expert | L81: Intermediate | M81: High | N81: Low | P81: FALSE | Q81: 8.2 | R81: TRUE | S81: Asked Expert | T81: 16.2 | U81: 73.31 | V81: TRUE | W81: Moderate Trust
A82: Mistral | B82: scientific_facts | C82: 89.4 | D82: 388 | E82: TRUE | F82: TRUE | G82: FALSE | H82: Vague | I82: 65+ | J82: Professional | K82: Medium | L82: Advanced | M82: Low | N82: Low | O82: FALSE | P82: TRUE | Q82: 8.9 | R82: TRUE | S82: Consulted Documentation | T82: 16.3 | U82: 100 | V82: TRUE | W82: Moderate Trust
A83: Mistral | B83: creative_writing | C83: 77.13 | D83: 639 | E83: FALSE | F83: TRUE | G83: FALSE | H83: Vague | I83: 55-64 | J83: Masters | K83: Expert | L83: Expert | M83: High | N83: Medium | P83: FALSE | Q83: 6.9 | R83: TRUE | S83: Academic Paper | T83: 34.3 | U83: 66.69 | V83: TRUE | W83: Skeptical
A84: Gemini | B84: recipe_cooking | C84: 83.64 | D84: 756 | E84: FALSE | F84: FALSE | G84: FALSE | H84: Vague | I84: 45-54 | J84: Masters | K84: High | L84: Beginner | M84: High | N84: Medium | O84: TRUE | P84: FALSE | Q84: 10 | R84: TRUE | S84: Academic Paper | T84: 25.8 | U84: 80.54 | V84: TRUE | W84: Moderate Trust
A85: Claude | B85: recipe_cooking | C85: 88.54 | D85: 196 | E85: TRUE | F85: FALSE | G85: FALSE | H85: Specific | I85: 65+ | J85: High School | K85: Expert | L85: First Time | M85: Medium | N85: High | O85: TRUE | P85: TRUE | Q85: 10 | R85: FALSE | T85: 0 | U85: 96.36 | V85: TRUE | W85: Blind Trust
A86: Claude | B86: opinion_based | C86: 54.8 | D86: 770 | E86: TRUE | F86: TRUE | G86: TRUE | H86: Vague | I86: 45-54 | J86: PhD | K86: Low | L86: Advanced | M86: Low | N86: Medium | O86: TRUE | P86: FALSE | Q86: 8.9 | R86: TRUE | S86: Consulted Documentation | T86: 23.3 | U86: 59.7 | V86: FALSE | W86: Moderate Trust
A87: Gemini | B87: legal_advice | C87: 48.06 | D87: 566 | E87: TRUE | F87: FALSE | G87: TRUE | H87: Vague | I87: 35-44 | J87: Masters | K87: Expert | L87: Advanced | M87: High | N87: Medium | O87: FALSE | P87: FALSE | Q87: 3.9 | R87: TRUE | S87: Personal Testing | T87: 14.8 | U87: 61.44 | V87: FALSE | W87: Highly Skeptical
A88: Llama | B88: scientific_facts | C88: 87.56 | D88: 115 | E88: FALSE | F88: TRUE | G88: TRUE | H88: Vague | I88: 55-64 | J88: Professional | K88: Medium | L88: Intermediate | M88: Medium | N88: Low | O88: FALSE | P88: FALSE | Q88: 7.6 | R88: TRUE | S88: Personal Testing | T88: 32.5 | U88: 97.2 | V88: FALSE | W88: Skeptical
A89: Llama | B89: current_events | C89: 59.58 | D89: 295 | E89: FALSE | F89: TRUE | G89: TRUE | H89: Vague | I89: 25-34 | J89: High School | K89: High | L89: Advanced | M89: Low | O89: FALSE | P89: FALSE | Q89: 4.9 | R89: TRUE | S89: Academic Paper | T89: 19 | U89: 43.43 | V89: TRUE | W89: Highly Skeptical
A90: Claude | B90: scientific_facts | C90: 89.02 | D90: 339 | E90: FALSE | F90: FALSE | G90: FALSE | H90: Very Specific | I90: 35-44 | J90: PhD | K90: Expert | L90: First Time | M90: High | N90: Medium | O90: FALSE | P90: FALSE | Q90: 8.7 | R90: FALSE | T90: 0 | U90: 80.9 | V90: TRUE | W90: Blind Trust
A91: GPT-4 | B91: medical_advice | C91: 67.63 | D91: 357 | E91: FALSE | F91: TRUE | G91: TRUE | H91: Moderate | I91: 55-64 | J91: PhD | K91: Medium | L91: Advanced | M91: Critical | O91: FALSE | P91: TRUE | Q91: 4.1 | R91: TRUE | S91: Asked Colleague | T91: 42.8 | U91: 81.96 | V91: FALSE | W91: Highly Skeptical
A92: ChatGPT-3.5 | B92: opinion_based | C92: 42.75 | D92: 792 | E92: TRUE | F92: TRUE | G92: TRUE | H92: Very Specific | I92: 25-34 | J92: PhD | K92: Expert | L92: Intermediate | M92: High | N92: Low | O92: TRUE | P92: FALSE | Q92: 5.6 | R92: TRUE | S92: Cross-referenced Multiple AIs | T92: 14.7 | U92: 24.32 | V92: FALSE | W92: Skeptical
A93: Llama | B93: recipe_cooking | C93: 89.01 | D93: 193 | E93: FALSE | F93: FALSE | G93: TRUE | H93: Specific | I93: 18-24 | J93: High School | K93: High | L93: Expert | M93: Medium | N93: Low | O93: TRUE | P93: TRUE | Q93: 10 | R93: TRUE | S93: Asked Colleague | T93: 11.6 | U93: 74.75 | V93: FALSE | W93: Moderate Trust
A94: GPT-4 | B94: financial_advice | C94: 61.16 | D94: 108 | E94: FALSE | F94: TRUE | G94: TRUE | H94: Moderate | I94: 25-34 | J94: High School | K94: Medium | L94: Advanced | M94: Medium | O94: FALSE | P94: FALSE | Q94: 5.5 | R94: FALSE | T94: 0 | U94: 68.37 | V94: TRUE | W94: Skeptical
A95: ChatGPT-3.5 | B95: math_calculation | C95: 98 | D95: 275 | E95: FALSE | F95: FALSE | G95: TRUE | H95: Very Specific | I95: 18-24 | J95: PhD | K95: Low | L95: First Time | M95: Low | N95: High | O95: TRUE | P95: FALSE | Q95: 10 | R95: FALSE | T95: 0 | U95: 96.56 | V95: TRUE | W95: Blind Trust
A96: Mistral | B96: financial_advice | C96: 46.99 | D96: 108 | E96: TRUE | F96: FALSE | G96: FALSE | H96: Vague | I96: 55-64 | J96: Professional | K96: Medium | L96: First Time | M96: Medium | N96: Medium | P96: FALSE | Q96: 7.5 | R96: TRUE | S96: Checked Official Source | T96: 36.9 | U96: 33.92 | V96: FALSE | W96: Skeptical
A97: ChatGPT-3.5 | B97: general_knowledge | C97: 77.24 | D97: 642 | E97: TRUE | F97: TRUE | G97: TRUE | H97: Moderate | I97: 25-34 | J97: Bachelors | K97: Expert | L97: Beginner | M97: Critical | N97: High | O97: TRUE | P97: TRUE | Q97: 9.8 | R97: FALSE | T97: 0 | U97: 66.48 | V97: FALSE | W97: Blind Trust
A98: Mistral | B98: legal_advice | C98: 61.57 | D98: 780 | E98: TRUE | F98: TRUE | G98: FALSE | H98: Specific | I98: 25-34 | J98: Masters | K98: Medium | L98: Intermediate | M98: Critical | N98: Medium | O98: FALSE | P98: FALSE | Q98: 4.9 | R98: TRUE | S98: Checked Official Source | T98: 18.2 | U98: 75.93 | V98: FALSE | W98: Highly Skeptical
A99: GPT-4 | B99: math_calculation | C99: 96.55 | D99: 723 | E99: FALSE | F99: FALSE | G99: FALSE | H99: Vague | I99: 55-64 | J99: Bachelors | K99: Expert | L99: Advanced | M99: Low | N99: Low | O99: TRUE | P99: FALSE | Q99: 10 | R99: TRUE | S99: Asked Expert | T99: 19.6 | U99: 94.05 | V99: TRUE | W99: Moderate Trust
A100: Gemini | B100: legal_advice | C100: 47.62 | D100: 224 | E100: TRUE | F100: TRUE | G100: TRUE | H100: Vague | I100: 65+ | J100: Masters | K100: Low | L100: Intermediate | M100: Low | N100: High | P100: TRUE | Q100: 6.8 | R100: TRUE | S100: Consulted Documentation | T100: 2.8 | U100: 33.5 | V100: FALSE | W100: Skeptical
...

Sheet Clean_Data
A1: ai_model_name | B1: query_category | C1: ai_confidence_percentage | D1: response_character_count | E1: has_cited_sources | F1: contains_hedging_words | G1: includes_disclaimer | H1: answer_detail_level | I1: respondent_age_bracket | J1: education_level | K1: digital_literacy_score | L1: ai_familiarity_level | M1: decision_importance | N1: urgency_level | O1: belief_alignment_status | P1: subject_matter_expertise | Q1: trust_score_out_of_10 | R1: performed_fact_check | S1: fact_check_method_used | T1: verification_duration_mins | U1: answer_accuracy_percentage | V1: trust_calibration_valid | W1: user_skepticism_category | AA1: Cleaning | AC1: Missing Value | AE1: contains_hedging_words | AF1: urgency_level | AG1: belief_alignment_status | AH1: fact_check_method_used | AJ1: Create Trust Category | AL1: Round Accuracy | AM1: C Education
A2: Claude | B2: math_calculation | C2: 93.23 | D2: 527 | E2: TRUE | F2: FALSE | G2: FALSE | H2: Moderate | I2: 45-54 | J2: Bachelors | K2: Low | L2: Intermediate | M2: Low | N2: Low | O2: FALSE | P2: FALSE | Q2: 10 | R2: TRUE | S2: Google Search | T2: 10.7 | U2: 80.15 | V2: TRUE | W2: Moderate Trust | AC2: Convert TRUE/FALSE to Yes/No | AE2: =IF(F2=TRUE,"Yes","No") -> No | AF2: =IF(ISBLANK(N2),"Unknown",N2) -> Low | AG2: =IF(O2=TRUE,"Yes","No") -> No | AH2: =IF(ISBLANK(S2),"Unknown",S2) -> Google Search | AJ2: =IF(Q2>=8,"High Trust", IF(Q3>=5,"Moderate Trust","Low Trust")) -> High Trust | AL2: =ROUND(U2,1) -> 80.2 | AM2: =TRIM(J2) -> Bachelors
A3: Llama | B3: recipe_cooking | C3: 84.47 | D3: 581 | E3: FALSE | F3: FALSE | G3: FALSE | H3: Specific | I3: 55-64 | J3: PhD | K3: Expert | L3: First Time | M3: High | O3: FALSE | P3: TRUE | Q3: 7.9 | R3: TRUE | S3: Asked Expert | T3: 44.3 | U3: 92.33 | V3: TRUE | W3: Skeptical | AE3: =IF(F3=TRUE,"Yes","No") -> No | AF3: =IF(ISBLANK(N3),"Unknown",N3) -> Unknown | AG3: =IF(O3=TRUE,"Yes","No") -> No | AH3: =IF(ISBLANK(S3),"Unknown",S3) -> Asked Expert | AJ3: =IF(Q3>=8,"High Trust", IF(Q4>=5,"Moderate Trust","Low Trust")) -> Moderate Trust | AL3: =ROUND(U3,1) -> 92.3 | AM3: =TRIM(J3) -> PhD
A4: Claude | B4: general_knowledge | C4: 69.82 | D4: 484 | E4: TRUE | F4: TRUE | G4: FALSE | H4: Very Specific | I4: 35-44 | J4: High School | K4: Medium | L4: Intermediate | M4: Critical | O4: TRUE | P4: FALSE | Q4: 8.6 | R4: TRUE | S4: Consulted Documentation | T4: 37.5 | U4: 67.32 | V4: TRUE | W4: Moderate Trust | AE4: =IF(F4=TRUE,"Yes","No") -> Yes | AF4: =IF(ISBLANK(N4),"Unknown",N4) -> Unknown | AG4: =IF(O4=TRUE,"Yes","No") -> Yes | AH4: =IF(ISBLANK(S4),"Unknown",S4) -> Consulted Documentation | AJ4: =IF(Q4>=8,"High Trust", IF(Q5>=5,"Moderate Trust","Low Trust")) -> High Trust | AL4: =ROUND(U4,1) -> 67.3 | AM4: =TRIM(J4) -> High School
A5: Claude | B5: creative_writing | C5: 79.61 | D5: 73 | E5: TRUE | F5: TRUE | G5: FALSE | H5: Specific | I5: 45-54 | J5: Professional | K5: Low | L5: Advanced | M5: High | P5: FALSE | Q5: 8.9 | R5: TRUE | S5: Checked Official Source | T5: 22.7 | U5: 73.12 | V5: TRUE | W5: Moderate Trust | AE5: =IF(F5=TRUE,"Yes","No") -> Yes | AF5: =IF(ISBLANK(N5),"Unknown",N5) -> Unknown | AG5: =IF(O5=TRUE,"Yes","No") -> No | AH5: =IF(ISBLANK(S5),"Unknown",S5) -> Checked Official Source | AJ5: =IF(Q5>=8,"High Trust", IF(Q6>=5,"Moderate Trust","Low Trust")) -> High Trust | AL5: =ROUND(U5,1) -> 73.1 | AM5: =TRIM(J5) -> Professional
A6: Claude | B6: creative_writing | C6: 67.71 | D6: 146 | E6: FALSE | F6: TRUE | G6: FALSE | H6: Vague | I6: 55-64 | J6: Masters | K6: Low | L6: Expert | M6: Low | O6: TRUE | P6: TRUE | Q6: 9 | R6: TRUE | S6: Academic Paper | T6: 43.7 | U6: 81.05 | V6: TRUE | W6: Moderate Trust | AE6: =IF(F6=TRUE,"Yes","No") -> Yes | AF6: =IF(ISBLANK(N6),"Unknown",N6) -> Unknown | AG6: =IF(O6=TRUE,"Yes","No") -> Yes | AH6: =IF(ISBLANK(S6),"Unknown",S6) -> Academic Paper | AJ6: =IF(Q6>=8,"High Trust", IF(Q7>=5,"Moderate Trust","Low Trust")) -> High Trust | AL6: =ROUND(U6,1) -> 81.1 | AM6: =TRIM(J6) -> Masters
A7: Mistral | B7: math_calculation | C7: 93.41 | D7: 198 | E7: FALSE | F7: TRUE | G7: FALSE | H7: Moderate | I7: 18-24 | J7: Professional | K7: Expert | L7: Advanced | M7: Medium | O7: FALSE | P7: FALSE | Q7: 8.2 | R7: FALSE | T7: 0 | U7: 100 | V7: TRUE | W7: Blind Trust | AE7: =IF(F7=TRUE,"Yes","No") -> Yes | AF7: =IF(ISBLANK(N7),"Unknown",N7) -> Unknown | AG7: =IF(O7=TRUE,"Yes","No") -> No | AH7: =IF(ISBLANK(S7),"Unknown",S7) -> Unknown | AJ7: =IF(Q7>=8,"High Trust", IF(Q8>=5,"Moderate Trust","Low Trust")) -> High Trust | AL7: =ROUND(U7,1) -> 100 | AM7: =TRIM(J7) -> Professional
A8: Claude | B8: technical_coding | C8: 75.87 | D8: 285 | E8: FALSE | F8: FALSE | G8: TRUE | H8: Very Specific | I8: 18-24 | J8: High School | K8: Expert | L8: Expert | M8: Low | N8: High | O8: FALSE | P8: TRUE | Q8: 7.6 | R8: FALSE | T8: 0 | U8: 79.04 | V8: TRUE | W8: Moderate Trust | AE8: =IF(F8=TRUE,"Yes","No") -> No | AF8: =IF(ISBLANK(N8),"Unknown",N8) -> High | AG8: =IF(O8=TRUE,"Yes","No") -> No | AH8: =IF(ISBLANK(S8),"Unknown",S8) -> Unknown | AJ8: =IF(Q8>=8,"High Trust", IF(Q9>=5,"Moderate Trust","Low Trust")) -> Moderate Trust | AL8: =ROUND(U8,1) -> 79 | AM8: =TRIM(J8) -> High School
A9: Claude | B9: financial_advice | C9: 57.32 | D9: 371 | E9: TRUE | F9: FALSE | G9: FALSE | H9: Vague | I9: 55-64 | J9: Professional | K9: Medium | L9: First Time | M9: Critical | N9: High | P9: FALSE | Q9: 6.4 | R9: FALSE | T9: 0 | U9: 55.65 | V9: TRUE | W9: Moderate Trust | AE9: =IF(F9=TRUE,"Yes","No") -> No | AF9: =IF(ISBLANK(N9),"Unknown",N9) -> High | AG9: =IF(O9=TRUE,"Yes","No") -> No | AH9: =IF(ISBLANK(S9),"Unknown",S9) -> Unknown | AJ9: =IF(Q9>=8,"High Trust", IF(Q10>=5,"Moderate Trust","Low Trust")) -> Moderate Trust | AL9: =ROUND(U9,1) -> 55.7 | AM9: =TRIM(J9) -> Professional
A10: ChatGPT-3.5 | B10: medical_advice | C10: 50.17 | D10: 344 | E10: FALSE | F10: FALSE | G10: TRUE | H10: Vague | I10: 65+ | J10: PhD | K10: Medium | L10: Advanced | M10: Medium | N10: High | P10: FALSE | Q10: 5.3 | R10: TRUE | S10: Personal Testing | T10: 20 | U10: 41.69 | V10: TRUE | W10: Skeptical | AE10: =IF(F10=TRUE,"Yes","No") -> No | AF10: =IF(ISBLANK(N10),"Unknown",N10) -> High | AG10: =IF(O10=TRUE,"Yes","No") -> No | AH10: =IF(ISBLANK(S10),"Unknown",S10) -> Personal Testing | AJ10: =IF(Q10>=8,"High Trust", IF(Q11>=5,"Moderate Trust","Low Trust")) -> Moderate Trust | AL10: =ROUND(U10,1) -> 41.7 | AM10: =TRIM(J10) -> PhD
A11: Llama | B11: medical_advice | C11: 58.77 | D11: 63 | E11: FALSE | F11: FALSE | G11: TRUE | H11: Vague | I11: 65+ | J11: Professional | K11: Low | L11: Expert | M11: Medium | N11: Low | O11: FALSE | P11: FALSE | Q11: 5.6 | R11: TRUE | S11: Cross-referenced Multiple AIs | T11: 23.5 | U11: 50.81 | V11: TRUE | W11: Skeptical | AE11: =IF(F11=TRUE,"Yes","No") -> No | AF11: =IF(ISBLANK(N11),"Unknown",N11) -> Low | AG11: =IF(O11=TRUE,"Yes","No") -> No | AH11: =IF(ISBLANK(S11),"Unknown",S11) -> Cross-referenced Multiple AIs | AJ11: =IF(Q11>=8,"High Trust", IF(Q12>=5,"Moderate Trust","Low Trust")) -> Moderate Trust | AL11: =ROUND(U11,1) -> 50.8 | AM11: =TRIM(J11) -> Professional
A12: Claude | B12: general_knowledge | C12: 82.85 | D12: 331 | E12: TRUE | F12: TRUE | G12: TRUE | H12: Specific | I12: 45-54 | J12: Masters | K12: Expert | L12: First Time | M12: Medium | N12: Medium | P12: TRUE | Q12: 10 | R12: TRUE | S12: Academic Paper | T12: 22.9 | U12: 68.05 | V12: FALSE | W12: Moderate Trust | AE12: =IF(F12=TRUE,"Yes","No") -> Yes | AF12: =IF(ISBLANK(N12),"Unknown",N12) -> Medium | AG12: =IF(O12=TRUE,"Yes","No") -> No | AH12: =IF(ISBLANK(S12),"Unknown",S12) -> Academic Paper | AJ12: =IF(Q12>=8,"High Trust", IF(Q13>=5,"Moderate Trust","Low Trust")) -> High Trust | AL12: =ROUND(U12,1) -> 68.1 | AM12: =TRIM(J12) -> Masters
A13: Claude | B13: recipe_cooking | C13: 76.69 | D13: 70 | E13: TRUE | F13: FALSE | G13: TRUE | H13: Moderate | I13: 18-24 | J13: Professional | K13: Low | L13: Expert | M13: Low | N13: Medium | P13: TRUE | Q13: 9.9 | R13: FALSE | T13: 0 | U13: 62.11 | V13: FALSE | W13: Blind Trust | AE13: =IF(F13=TRUE,"Yes","No") -> No | AF13: =IF(ISBLANK(N13),"Unknown",N13) -> Medium | AG13: =IF(O13=TRUE,"Yes","No") -> No | AH13: =IF(ISBLANK(S13),"Unknown",S13) -> Unknown | AJ13: =IF(Q13>=8,"High Trust", IF(Q14>=5,"Moderate Trust","Low Trust")) -> High Trust | AL13: =ROUND(U13,1) -> 62.1 | AM13: =TRIM(J13) -> Professional
A14: Llama | B14: current_events | C14: 77.43 | D14: 549 | E14: FALSE | F14: FALSE | G14: TRUE | H14: Vague | I14: 25-34 | J14: PhD | K14: High | L14: Advanced | M14: Low | N14: Medium | O14: TRUE | P14: FALSE | Q14: 9.5 | R14: TRUE | S14: Checked Official Source | T14: 33.8 | U14: 73.81 | V14: FALSE | W14: Moderate Trust | AE14: =IF(F14=TRUE,"Yes","No") -> No | AF14: =IF(ISBLANK(N14),"Unknown",N14) -> Medium | AG14: =IF(O14=TRUE,"Yes","No") -> Yes | AH14: =IF(ISBLANK(S14),"Unknown",S14) -> Checked Official Source | AJ14: =IF(Q14>=8,"High Trust", IF(Q15>=5,"Moderate Trust","Low Trust")) -> High Trust | AL14: =ROUND(U14,1) -> 73.8 | AM14: =TRIM(J14) -> PhD
A15: Gemini | B15: recipe_cooking | C15: 78.83 | D15: 419 | E15: FALSE | G15: FALSE | H15: Specific | I15: 35-44 | J15: High School | K15: Expert | L15: Advanced | M15: Medium | N15: Medium | P15: FALSE | Q15: 7.2 | R15: TRUE | S15: Cross-referenced Multiple AIs | T15: 41.9 | U15: 81.22 | V15: TRUE | W15: Skeptical | AE15: =IF(F15=TRUE,"Yes","No") -> No | AF15: =IF(ISBLANK(N15),"Unknown",N15) -> Medium | AG15: =IF(O15=TRUE,"Yes","No") -> No | AH15: =IF(ISBLANK(S15),"Unknown",S15) -> Cross-referenced Multiple AIs | AJ15: =IF(Q15>=8,"High Trust", IF(Q16>=5,"Moderate Trust","Low Trust")) -> Moderate Trust | AL15: =ROUND(U15,1) -> 81.2 | AM15: =TRIM(J15) -> High School
A16: Gemini | B16: creative_writing | C16: 75 | D16: 386 | E16: FALSE | F16: TRUE | G16: TRUE | H16: Moderate | I16: 45-54 | J16: Professional | K16: Medium | L16: Intermediate | M16: Low | N16: Medium | O16: TRUE | P16: FALSE | Q16: 9.9 | R16: FALSE | T16: 0 | U16: 66.21 | V16: FALSE | W16: Blind Trust | AE16: =IF(F16=TRUE,"Yes","No") -> Yes | AF16: =IF(ISBLANK(N16),"Unknown",N16) -> Medium | AG16: =IF(O16=TRUE,"Yes","No") -> Yes | AH16: =IF(ISBLANK(S16),"Unknown",S16) -> Unknown | AJ16: =IF(Q16>=8,"High Trust", IF(Q17>=5,"Moderate Trust","Low Trust")) -> High Trust | AL16: =ROUND(U16,1) -> 66.2 | AM16: =TRIM(J16) -> Professional
A17: Gemini | B17: current_events | C17: 55.73 | D17: 698 | E17: TRUE | F17: TRUE | G17: FALSE | H17: Moderate | I17: 18-24 | J17: Bachelors | K17: Low | L17: Beginner | M17: Critical | N17: High | O17: FALSE | P17: TRUE | Q17: 5.2 | R17: FALSE | T17: 0 | U17: 55.92 | V17: TRUE | W17: Skeptical | AE17: =IF(F17=TRUE,"Yes","No") -> Yes | AF17: =IF(ISBLANK(N17),"Unknown",N17) -> High | AG17: =IF(O17=TRUE,"Yes","No") -> No | AH17: =IF(ISBLANK(S17),"Unknown",S17) -> Unknown | AJ17: =IF(Q17>=8,"High Trust", IF(Q18>=5,"Moderate Trust","Low Trust")) -> Moderate Trust | AL17: =ROUND(U17,1) -> 55.9 | AM17: =TRIM(J17) -> Bachelors
A18: Gemini | B18: factual_historical | C18: 79.42 | D18: 382 | E18: FALSE | F18: FALSE | G18: TRUE | H18: Vague | I18: 18-24 | J18: Professional | K18: Expert | L18: Advanced | M18: High | N18: High | O18: FALSE | P18: FALSE | Q18: 6.7 | R18: TRUE | S18: Asked Expert | T18: 30 | U18: 88.58 | V18: FALSE | W18: Skeptical | AE18: =IF(F18=TRUE,"Yes","No") -> No | AF18: =IF(ISBLANK(N18),"Unknown",N18) -> High | AG18: =IF(O18=TRUE,"Yes","No") -> No | AH18: =IF(ISBLANK(S18),"Unknown",S18) -> Asked Expert | AJ18: =IF(Q18>=8,"High Trust", IF(Q19>=5,"Moderate Trust","Low Trust")) -> Low Trust | AL18: =ROUND(U18,1) -> 88.6 | AM18: =TRIM(J18) -> Professional
A19: Claude | B19: opinion_based | C19: 47.7 | D19: 53 | E19: FALSE | F19: TRUE | G19: FALSE | H19: Vague | I19: 65+ | J19: PhD | K19: High | L19: Beginner | M19: Critical | N19: Low | O19: FALSE | P19: TRUE | Q19: 2.9 | R19: TRUE | S19: Academic Paper | T19: 29.9 | U19: 40.41 | V19: TRUE | W19: Highly Skeptical | AE19: =IF(F19=TRUE,"Yes","No") -> Yes | AF19: =IF(ISBLANK(N19),"Unknown",N19) -> Low | AG19: =IF(O19=TRUE,"Yes","No") -> No | AH19: =IF(ISBLANK(S19),"Unknown",S19) -> Academic Paper | AJ19: =IF(Q19>=8,"High Trust", IF(Q20>=5,"Moderate Trust","Low Trust")) -> Low Trust | AL19: =ROUND(U19,1) -> 40.4 | AM19: =TRIM(J19) -> PhD
A20: ChatGPT-3.5 | B20: legal_advice | C20: 52.94 | D20: 725 | E20: TRUE | F20: FALSE | G20: TRUE | H20: Vague | I20: 55-64 | J20: PhD | K20: Medium | L20: Intermediate | M20: Critical | N20: Medium | O20: FALSE | P20: TRUE | Q20: 4.7 | R20: TRUE | S20: Personal Testing | T20: 36.1 | U20: 38.72 | V20: TRUE | W20: Highly Skeptical | AE20: =IF(F20=TRUE,"Yes","No") -> No | AF20: =IF(ISBLANK(N20),"Unknown",N20) -> Medium | AG20: =IF(O20=TRUE,"Yes","No") -> No | AH20: =IF(ISBLANK(S20),"Unknown",S20) -> Personal Testing | AJ20: =IF(Q20>=8,"High Trust", IF(Q21>=5,"Moderate Trust","Low Trust")) -> Moderate Trust | AL20: =ROUND(U20,1) -> 38.7 | AM20: =TRIM(J20) -> PhD
A21: Gemini | B21: technical_coding | C21: 91.49 | D21: 457 | E21: TRUE | F21: TRUE | G21: FALSE | H21: Very Specific | I21: 35-44 | J21: Masters | K21: Expert | L21: Advanced | M21: Medium | N21: Low | P21: TRUE | Q21: 9.4 | R21: FALSE | T21: 0 | U21: 78.01 | V21: TRUE | W21: Blind Trust | AE21: =IF(F21=TRUE,"Yes","No") -> Yes | AF21: =IF(ISBLANK(N21),"Unknown",N21) -> Low | AG21: =IF(O21=TRUE,"Yes","No") -> No | AH21: =IF(ISBLANK(S21),"Unknown",S21) -> Unknown | AJ21: =IF(Q21>=8,"High Trust", IF(Q22>=5,"Moderate Trust","Low Trust")) -> High Trust | AL21: =ROUND(U21,1) -> 78 | AM21: =TRIM(J21) -> Masters
A22: Llama | B22: recipe_cooking | C22: 85.85 | D22: 617 | E22: FALSE | F22: TRUE | G22: FALSE | H22: Specific | I22: 55-64 | J22: Bachelors | K22: Low | L22: Beginner | M22: Low | N22: Low | P22: FALSE | Q22: 9.9 | R22: TRUE | S22: Cross-referenced Multiple AIs | T22: 42.1 | U22: 77.63 | V22: FALSE | W22: Moderate Trust | AE22: =IF(F22=TRUE,"Yes","No") -> Yes | AF22: =IF(ISBLANK(N22),"Unknown",N22) -> Low | AG22: =IF(O22=TRUE,"Yes","No") -> No | AH22: =IF(ISBLANK(S22),"Unknown",S22) -> Cross-referenced Multiple AIs | AJ22: =IF(Q22>=8,"High Trust", IF(Q23>=5,"Moderate Trust","Low Trust")) -> High Trust | AL22: =ROUND(U22,1) -> 77.6 | AM22: =TRIM(J22) -> Bachelors
A23: Claude | B23: financial_advice | C23: 55.95 | D23: 166 | E23: TRUE | F23: FALSE | G23: TRUE | H23: Very Specific | I23: 18-24 | J23: Masters | K23: Medium | L23: First Time | M23: High | N23: High | P23: TRUE | Q23: 7.7 | R23: TRUE | S23: Checked Official Source | T23: 34.3 | U23: 55.71 | V23: FALSE | W23: Skeptical | AE23: =IF(F23=TRUE,"Yes","No") -> No | AF23: =IF(ISBLANK(N23),"Unknown",N23) -> High | AG23: =IF(O23=TRUE,"Yes","No") -> No | AH23: =IF(ISBLANK(S23),"Unknown",S23) -> Checked Official Source | AJ23: =IF(Q23>=8,"High Trust", IF(Q24>=5,"Moderate Trust","Low Trust")) -> Moderate Trust | AL23: =ROUND(U23,1) -> 55.7 | AM23: =TRIM(J23) -> Masters
A24: Mistral | B24: current_events | C24: 75.51 | D24: 289 | E24: TRUE | F24: FALSE | G24: TRUE | H24: Specific | I24: 45-54 | J24: Masters | K24: Low | L24: First Time | M24: High | N24: Low | O24: TRUE | P24: TRUE | Q24: 10 | R24: TRUE | S24: Google Search | T24: 13 | U24: 53.58 | V24: FALSE | W24: Moderate Trust | AE24: =IF(F24=TRUE,"Yes","No") -> No | AF24: =IF(ISBLANK(N24),"Unknown",N24) -> Low | AG24: =IF(O24=TRUE,"Yes","No") -> Yes | AH24: =IF(ISBLANK(S24),"Unknown",S24) -> Google Search | AJ24: =IF(Q24>=8,"High Trust", IF(Q25>=5,"Moderate Trust","Low Trust")) -> High Trust | AL24: =ROUND(U24,1) -> 53.6 | AM24: =TRIM(J24) -> Masters
A25: Llama | B25: opinion_based | C25: 42.81 | D25: 86 | E25: TRUE | F25: FALSE | G25: TRUE | H25: Very Specific | I25: 45-54 | J25: Masters | K25: Low | L25: Intermediate | M25: Critical | N25: High | O25: FALSE | P25: FALSE | Q25: 2.7 | R25: TRUE | S25: Academic Paper | T25: 2.5 | U25: 21.4 | V25: TRUE | W25: Highly Skeptical | AE25: =IF(F25=TRUE,"Yes","No") -> No | AF25: =IF(ISBLANK(N25),"Unknown",N25) -> High | AG25: =IF(O25=TRUE,"Yes","No") -> No | AH25: =IF(ISBLANK(S25),"Unknown",S25) -> Academic Paper | AJ25: =IF(Q25>=8,"High Trust", IF(Q26>=5,"Moderate Trust","Low Trust")) -> Low Trust | AL25: =ROUND(U25,1) -> 21.4 | AM25: =TRIM(J25) -> Masters | AP25: Column1
A26: GPT-4 | B26: current_events | C26: 62.31 | D26: 51 | E26: FALSE | F26: TRUE | G26: TRUE | H26: Very Specific | I26: 65+ | J26: PhD | K26: Low | L26: Beginner | M26: High | N26: Low | O26: FALSE | P26: FALSE | Q26: 4.8 | R26: TRUE | S26: Cross-referenced Multiple AIs | T26: 26.2 | U26: 40.83 | V26: TRUE | W26: Highly Skeptical | AE26: =IF(F26=TRUE,"Yes","No") -> Yes | AF26: =IF(ISBLANK(N26),"Unknown",N26) -> Low | AG26: =IF(O26=TRUE,"Yes","No") -> No | AH26: =IF(ISBLANK(S26),"Unknown",S26) -> Cross-referenced Multiple AIs | AJ26: =IF(Q26>=8,"High Trust", IF(Q27>=5,"Moderate Trust","Low Trust")) -> Moderate Trust | AL26: =ROUND(U26,1) -> 40.8 | AM26: =TRIM(J26) -> PhD
A27: GPT-4 | B27: current_events | C27: 65.12 | D27: 320 | E27: FALSE | F27: TRUE | G27: TRUE | H27: Very Specific | I27: 18-24 | J27: PhD | K27: Expert | L27: Beginner | M27: High | O27: TRUE | P27: FALSE | Q27: 7.5 | R27: TRUE | S27: Personal Testing | T27: 11.5 | U27: 61.68 | V27: TRUE | W27: Skeptical | AE27: =IF(F27=TRUE,"Yes","No") -> Yes | AF27: =IF(ISBLANK(N27),"Unknown",N27) -> Unknown | AG27: =IF(O27=TRUE,"Yes","No") -> Yes | AH27: =IF(ISBLANK(S27),"Unknown",S27) -> Personal Testing | AJ27: =IF(Q27>=8,"High Trust", IF(Q28>=5,"Moderate Trust","Low Trust")) -> Moderate Trust | AL27: =ROUND(U27,1) -> 61.7 | AM27: =TRIM(J27) -> PhD
A28: Claude | B28: legal_advice | C28: 64.2 | D28: 293 | E28: TRUE | F28: FALSE | G28: FALSE | H28: Specific | I28: 65+ | J28: PhD | K28: High | L28: Expert | M28: Low | N28: High | O28: FALSE | P28: FALSE | Q28: 6.6 | R28: TRUE | S28: Google Search | T28: 27.5 | U28: 59.63 | V28: TRUE | W28: Skeptical | AE28: =IF(F28=TRUE,"Yes","No") -> No | AF28: =IF(ISBLANK(N28),"Unknown",N28) -> High | AG28: =IF(O28=TRUE,"Yes","No") -> No | AH28: =IF(ISBLANK(S28),"Unknown",S28) -> Google Search | AJ28: =IF(Q28>=8,"High Trust", IF(Q29>=5,"Moderate Trust","Low Trust")) -> Moderate Trust | AL28: =ROUND(U28,1) -> 59.6 | AM28: =TRIM(J28) -> PhD
A29: Claude | B29: creative_writing | C29: 64.93 | D29: 177 | E29: TRUE | F29: FALSE | G29: FALSE | H29: Very Specific | I29: 65+ | J29: Masters | K29: Low | L29: Advanced | M29: Low | N29: Low | O29: TRUE | P29: FALSE | Q29: 9.4 | R29: TRUE | S29: Checked Official Source | T29: 30.4 | U29: 67.76 | V29: FALSE | W29: Moderate Trust | AE29: =IF(F29=TRUE,"Yes","No") -> No | AF29: =IF(ISBLANK(N29),"Unknown",N29) -> Low | AG29: =IF(O29=TRUE,"Yes","No") -> Yes | AH29: =IF(ISBLANK(S29),"Unknown",S29) -> Checked Official Source | AJ29: =IF(Q29>=8,"High Trust", IF(Q30>=5,"Moderate Trust","Low Trust")) -> High Trust | AL29: =ROUND(U29,1) -> 67.8 | AM29: =TRIM(J29) -> Masters
A30: Gemini | B30: technical_coding | C30: 75.1 | D30: 107 | E30: FALSE | F30: FALSE | G30: TRUE | H30: Moderate | I30: 65+ | J30: PhD | K30: Expert | L30: Beginner | M30: High | O30: TRUE | P30: TRUE | Q30: 9.5 | R30: TRUE | S30: Consulted Documentation | T30: 37.6 | U30: 69.68 | V30: FALSE | W30: Moderate Trust | AE30: =IF(F30=TRUE,"Yes","No") -> No | AF30: =IF(ISBLANK(N30),"Unknown",N30) -> Unknown | AG30: =IF(O30=TRUE,"Yes","No") -> Yes | AH30: =IF(ISBLANK(S30),"Unknown",S30) -> Consulted Documentation | AJ30: =IF(Q30>=8,"High Trust", IF(Q31>=5,"Moderate Trust","Low Trust")) -> High Trust | AL30: =ROUND(U30,1) -> 69.7 | AM30: =TRIM(J30) -> PhD
A31: ChatGPT-3.5 | B31: opinion_based | C31: 43.22 | D31: 345 | E31: TRUE | F31: TRUE | G31: TRUE | H31: Moderate | I31: 35-44 | J31: High School | K31: Low | L31: Intermediate | M31: High | N31: Medium | O31: FALSE | P31: FALSE | Q31: 4.3 | R31: FALSE | T31: 0 | U31: 26.69 | V31: TRUE | W31: Skeptical | AE31: =IF(F31=TRUE,"Yes","No") -> Yes | AF31: =IF(ISBLANK(N31),"Unknown",N31) -> Medium | AG31: =IF(O31=TRUE,"Yes","No") -> No | AH31: =IF(ISBLANK(S31),"Unknown",S31) -> Unknown | AJ31: =IF(Q31>=8,"High Trust", IF(Q32>=5,"Moderate Trust","Low Trust")) -> Moderate Trust | AL31: =ROUND(U31,1) -> 26.7 | AM31: =TRIM(J31) -> High School
A32: Gemini | B32: legal_advice | C32: 58.29 | D32: 776 | E32: TRUE | F32: FALSE | G32: TRUE | H32: Vague | I32: 65+ | J32: PhD | K32: Low | L32: First Time | M32: Low | N32: High | O32: TRUE | P32: TRUE | Q32: 10 | R32: FALSE | T32: 0 | U32: 63.76 | V32: FALSE | W32: Blind Trust | AE32: =IF(F32=TRUE,"Yes","No") -> No | AF32: =IF(ISBLANK(N32),"Unknown",N32) -> High | AG32: =IF(O32=TRUE,"Yes","No") -> Yes | AH32: =IF(ISBLANK(S32),"Unknown",S32) -> Unknown | AJ32: =IF(Q32>=8,"High Trust", IF(Q33>=5,"Moderate Trust","Low Trust")) -> High Trust | AL32: =ROUND(U32,1) -> 63.8 | AM32: =TRIM(J32) -> PhD
A33: Llama | B33: current_events | C33: 76.42 | D33: 466 | E33: TRUE | F33: FALSE | G33: FALSE | H33: Moderate | I33: 35-44 | J33: Masters | K33: Expert | L33: Expert | M33: Critical | O33: TRUE | P33: TRUE | Q33: 9.4 | R33: TRUE | S33: Google Search | T33: 30.9 | U33: 66.39 | V33: FALSE | W33: Moderate Trust | AE33: =IF(F33=TRUE,"Yes","No") -> No | AF33: =IF(ISBLANK(N33),"Unknown",N33) -> Unknown | AG33: =IF(O33=TRUE,"Yes","No") -> Yes | AH33: =IF(ISBLANK(S33),"Unknown",S33) -> Google Search | AJ33: =IF(Q33>=8,"High Trust", IF(Q34>=5,"Moderate Trust","Low Trust")) -> High Trust | AL33: =ROUND(U33,1) -> 66.4 | AM33: =TRIM(J33) -> Masters
A34: Gemini | B34: financial_advice | C34: 48.76 | D34: 60 | E34: FALSE | F34: TRUE | G34: TRUE | H34: Moderate | I34: 65+ | J34: Bachelors | K34: Medium | L34: Beginner | M34: Medium | N34: Low | O34: TRUE | P34: FALSE | Q34: 7.3 | R34: TRUE | S34: Checked Official Source | T34: 26.3 | U34: 47.61 | V34: FALSE | W34: Skeptical | AE34: =IF(F34=TRUE,"Yes","No") -> Yes | AF34: =IF(ISBLANK(N34),"Unknown",N34) -> Low | AG34: =IF(O34=TRUE,"Yes","No") -> Yes | AH34: =IF(ISBLANK(S34),"Unknown",S34) -> Checked Official Source | AJ34: =IF(Q34>=8,"High Trust", IF(Q35>=5,"Moderate Trust","Low Trust")) -> Moderate Trust | AL34: =ROUND(U34,1) -> 47.6 | AM34: =TRIM(J34) -> Bachelors
A35: GPT-4 | B35: math_calculation | C35: 92.82 | D35: 541 | E35: TRUE | F35: FALSE | G35: FALSE | H35: Moderate | I35: 65+ | J35: High School | K35: Medium | L35: Beginner | M35: Medium | P35: FALSE | Q35: 10 | R35: FALSE | T35: 0 | U35: 90.77 | V35: TRUE | W35: Blind Trust | AE35: =IF(F35=TRUE,"Yes","No") -> No | AF35: =IF(ISBLANK(N35),"Unknown",N35) -> Unknown | AG35: =IF(O35=TRUE,"Yes","No") -> No | AH35: =IF(ISBLANK(S35),"Unknown",S35) -> Unknown | AJ35: =IF(Q35>=8,"High Trust", IF(Q36>=5,"Moderate Trust","Low Trust")) -> High Trust | AL35: =ROUND(U35,1) -> 90.8 | AM35: =TRIM(J35) -> High School
A36: Mistral | B36: financial_advice | C36: 46.95 | D36: 521 | E36: FALSE | F36: FALSE | G36: FALSE | H36: Vague | I36: 55-64 | J36: High School | K36: Expert | L36: Intermediate | M36: Low | P36: FALSE | Q36: 5.2 | R36: TRUE | S36: Academic Paper | T36: 25.5 | U36: 58.55 | V36: TRUE | W36: Skeptical | AE36: =IF(F36=TRUE,"Yes","No") -> No | AF36: =IF(ISBLANK(N36),"Unknown",N36) -> Unknown | AG36: =IF(O36=TRUE,"Yes","No") -> No | AH36: =IF(ISBLANK(S36),"Unknown",S36) -> Academic Paper | AJ36: =IF(Q36>=8,"High Trust", IF(Q37>=5,"Moderate Trust","Low Trust")) -> Moderate Trust | AL36: =ROUND(U36,1) -> 58.6 | AM36: =TRIM(J36) -> High School
A37: Claude | B37: creative_writing | C37: 60.77 | D37: 442 | E37: TRUE | F37: TRUE | G37: TRUE | H37: Moderate | I37: 35-44 | J37: High School | K37: Expert | L37: Beginner | M37: Low | N37: Low | P37: FALSE | Q37: 8 | R37: TRUE | S37: Personal Testing | T37: 35 | U37: 71.84 | V37: TRUE | W37: Moderate Trust | AE37: =IF(F37=TRUE,"Yes","No") -> Yes | AF37: =IF(ISBLANK(N37),"Unknown",N37) -> Low | AG37: =IF(O37=TRUE,"Yes","No") -> No | AH37: =IF(ISBLANK(S37),"Unknown",S37) -> Personal Testing | AJ37: =IF(Q37>=8,"High Trust", IF(Q38>=5,"Moderate Trust","Low Trust")) -> High Trust | AL37: =ROUND(U37,1) -> 71.8 | AM37: =TRIM(J37) -> High School
A38: Claude | B38: financial_advice | C38: 56.58 | D38: 688 | E38: FALSE | F38: TRUE | G38: FALSE | H38: Moderate | I38: 35-44 | J38: High School | K38: Expert | L38: First Time | M38: Medium | P38: TRUE | Q38: 5.7 | R38: TRUE | S38: Google Search | T38: 14.8 | U38: 48.42 | V38: TRUE | W38: Skeptical | AE38: =IF(F38=TRUE,"Yes","No") -> Yes | AF38: =IF(ISBLANK(N38),"Unknown",N38) -> Unknown | AG38: =IF(O38=TRUE,"Yes","No") -> No | AH38: =IF(ISBLANK(S38),"Unknown",S38) -> Google Search | AJ38: =IF(Q38>=8,"High Trust", IF(Q39>=5,"Moderate Trust","Low Trust")) -> Moderate Trust | AL38: =ROUND(U38,1) -> 48.4 | AM38: =TRIM(J38) -> High School
A39: Claude | B39: math_calculation | C39: 98.66 | D39: 109 | E39: FALSE | F39: TRUE | G39: TRUE | H39: Specific | I39: 45-54 | J39: Professional | K39: High | L39: Beginner | M39: Medium | O39: FALSE | P39: TRUE | Q39: 9.1 | R39: TRUE | S39: Cross-referenced Multiple AIs | T39: 16.6 | U39: 89.95 | V39: TRUE | W39: Moderate Trust | AE39: =IF(F39=TRUE,"Yes","No") -> Yes | AF39: =IF(ISBLANK(N39),"Unknown",N39) -> Unknown | AG39: =IF(O39=TRUE,"Yes","No") -> No | AH39: =IF(ISBLANK(S39),"Unknown",S39) -> Cross-referenced Multiple AIs | AJ39: =IF(Q39>=8,"High Trust", IF(Q40>=5,"Moderate Trust","Low Trust")) -> High Trust | AL39: =ROUND(U39,1) -> 90 | AM39: =TRIM(J39) -> Professional
A40: Claude | B40: math_calculation | C40: 89.07 | D40: 258 | E40: FALSE | F40: FALSE | G40: TRUE | H40: Very Specific | I40: 55-64 | J40: Masters | K40: Expert | L40: Expert | M40: High | N40: Medium | O40: TRUE | P40: FALSE | Q40: 10 | R40: TRUE | S40: Asked Colleague | T40: 37.6 | U40: 89.53 | V40: TRUE | W40: Moderate Trust | AE40: =IF(F40=TRUE,"Yes","No") -> No | AF40: =IF(ISBLANK(N40),"Unknown",N40) -> Medium | AG40: =IF(O40=TRUE,"Yes","No") -> Yes | AH40: =IF(ISBLANK(S40),"Unknown",S40) -> Asked Colleague | AJ40: =IF(Q40>=8,"High Trust", IF(Q41>=5,"Moderate Trust","Low Trust")) -> High Trust | AL40: =ROUND(U40,1) -> 89.5 | AM40: =TRIM(J40) -> Masters
A41: GPT-4 | B41: factual_historical | C41: 83.32 | D41: 152 | E41: TRUE | F41: TRUE | G41: TRUE | H41: Moderate | I41: 65+ | J41: PhD | K41: Low | L41: Beginner | M41: Critical | N41: Medium | O41: TRUE | P41: TRUE | Q41: 10 | R41: TRUE | S41: Google Search | T41: 44.5 | U41: 81 | V41: TRUE | W41: Moderate Trust | AE41: =IF(F41=TRUE,"Yes","No") -> Yes | AF41: =IF(ISBLANK(N41),"Unknown",N41) -> Medium | AG41: =IF(O41=TRUE,"Yes","No") -> Yes | AH41: =IF(ISBLANK(S41),"Unknown",S41) -> Google Search | AJ41: =IF(Q41>=8,"High Trust", IF(Q42>=5,"Moderate Trust","Low Trust")) -> High Trust | AL41: =ROUND(U41,1) -> 81 | AM41: =TRIM(J41) -> PhD
A42: ChatGPT-3.5 | B42: scientific_facts | C42: 77.77 | D42: 97 | E42: FALSE | F42: TRUE | G42: FALSE | H42: Moderate | I42: 18-24 | J42: PhD | K42: Expert | L42: Beginner | M42: Critical | N42: Medium | P42: TRUE | Q42: 7.2 | R42: TRUE | S42: Cross-referenced Multiple AIs | T42: 2.2 | U42: 76.98 | V42: TRUE | W42: Skeptical | AE42: =IF(F42=TRUE,"Yes","No") -> Yes | AF42: =IF(ISBLANK(N42),"Unknown",N42) -> Medium | AG42: =IF(O42=TRUE,"Yes","No") -> No | AH42: =IF(ISBLANK(S42),"Unknown",S42) -> Cross-referenced Multiple AIs | AJ42: =IF(Q42>=8,"High Trust", IF(Q43>=5,"Moderate Trust","Low Trust")) -> Moderate Trust | AL42: =ROUND(U42,1) -> 77 | AM42: =TRIM(J42) -> PhD
A43: Claude | B43: current_events | C43: 65.01 | D43: 74 | E43: TRUE | F43: TRUE | G43: FALSE | H43: Specific | I43: 25-34 | J43: Masters | K43: Low | L43: Expert | M43: Low | N43: Medium | O43: FALSE | P43: FALSE | Q43: 8 | R43: FALSE | T43: 0 | U43: 46.75 | V43: FALSE | W43: Blind Trust | AE43: =IF(F43=TRUE,"Yes","No") -> Yes | AF43: =IF(ISBLANK(N43),"Unknown",N43) -> Medium | AG43: =IF(O43=TRUE,"Yes","No") -> No | AH43: =IF(ISBLANK(S43),"Unknown",S43) -> Unknown | AJ43: =IF(Q43>=8,"High Trust", IF(Q44>=5,"Moderate Trust","Low Trust")) -> High Trust | AL43: =ROUND(U43,1) -> 46.8 | AM43: =TRIM(J43) -> Masters
A44: GPT-4 | B44: recipe_cooking | C44: 84.03 | D44: 180 | E44: FALSE | F44: FALSE | G44: TRUE | H44: Moderate | I44: 65+ | J44: PhD | K44: High | L44: First Time | M44: High | N44: Medium | O44: TRUE | P44: TRUE | Q44: 10 | R44: TRUE | S44: Google Search | T44: 34.6 | U44: 85.07 | V44: TRUE | W44: Moderate Trust | AE44: =IF(F44=TRUE,"Yes","No") -> No | AF44: =IF(ISBLANK(N44),"Unknown",N44) -> Medium | AG44: =IF(O44=TRUE,"Yes","No") -> Yes | AH44: =IF(ISBLANK(S44),"Unknown",S44) -> Google Search | AJ44: =IF(Q44>=8,"High Trust", IF(Q45>=5,"Moderate Trust","Low Trust")) -> High Trust | AL44: =ROUND(U44,1) -> 85.1 | AM44: =TRIM(J44) -> PhD
A45: Gemini | B45: legal_advice | C45: 66.99 | D45: 263 | E45: FALSE | F45: FALSE | G45: TRUE | H45: Very Specific | I45: 18-24 | J45: Bachelors | K45: High | L45: Intermediate | M45: Medium | N45: Medium | P45: FALSE | Q45: 6.7 | R45: TRUE | S45: Google Search | T45: 6.1 | U45: 60.83 | V45: TRUE | W45: Skeptical | AE45: =IF(F45=TRUE,"Yes","No") -> No | AF45: =IF(ISBLANK(N45),"Unknown",N45) -> Medium | AG45: =IF(O45=TRUE,"Yes","No") -> No | AH45: =IF(ISBLANK(S45),"Unknown",S45) -> Google Search | AJ45: =IF(Q45>=8,"High Trust", IF(Q46>=5,"Moderate Trust","Low Trust")) -> Moderate Trust | AL45: =ROUND(U45,1) -> 60.8 | AM45: =TRIM(J45) -> Bachelors
A46: ChatGPT-3.5 | B46: technical_coding | C46: 78.57 | D46: 772 | E46: TRUE | F46: FALSE | G46: FALSE | H46: Moderate | I46: 18-24 | J46: Bachelors | K46: Medium | L46: Advanced | M46: Medium | O46: FALSE | P46: FALSE | Q46: 9 | R46: FALSE | T46: 0 | U46: 92.84 | V46: TRUE | W46: Blind Trust | AE46: =IF(F46=TRUE,"Yes","No") -> No | AF46: =IF(ISBLANK(N46),"Unknown",N46) -> Unknown | AG46: =IF(O46=TRUE,"Yes","No") -> No | AH46: =IF(ISBLANK(S46),"Unknown",S46) -> Unknown | AJ46: =IF(Q46>=8,"High Trust", IF(Q47>=5,"Moderate Trust","Low Trust")) -> High Trust | AL46: =ROUND(U46,1) -> 92.8 | AM46: =TRIM(J46) -> Bachelors
A47: GPT-4 | B47: scientific_facts | C47: 80.43 | D47: 560 | E47: TRUE | F47: FALSE | G47: TRUE | H47: Moderate | I47: 18-24 | J47: PhD | K47: High | L47: Beginner | M47: Medium | O47: FALSE | P47: TRUE | Q47: 8.5 | R47: TRUE | S47: Asked Expert | T47: 19.6 | U47: 84.6 | V47: TRUE | W47: Moderate Trust | AE47: =IF(F47=TRUE,"Yes","No") -> No | AF47: =IF(ISBLANK(N47),"Unknown",N47) -> Unknown | AG47: =IF(O47=TRUE,"Yes","No") -> No | AH47: =IF(ISBLANK(S47),"Unknown",S47) -> Asked Expert | AJ47: =IF(Q47>=8,"High Trust", IF(Q48>=5,"Moderate Trust","Low Trust")) -> High Trust | AL47: =ROUND(U47,1) -> 84.6 | AM47: =TRIM(J47) -> PhD
A48: Mistral | B48: recipe_cooking | C48: 76.07 | D48: 188 | E48: FALSE | F48: TRUE | G48: TRUE | H48: Moderate | I48: 55-64 | J48: High School | K48: Expert | L48: Advanced | M48: Low | N48: Medium | O48: FALSE | P48: TRUE | Q48: 6.5 | R48: TRUE | S48: Asked Expert | T48: 35.6 | U48: 65.51 | V48: TRUE | W48: Skeptical | AE48: =IF(F48=TRUE,"Yes","No") -> Yes | AF48: =IF(ISBLANK(N48),"Unknown",N48) -> Medium | AG48: =IF(O48=TRUE,"Yes","No") -> No | AH48: =IF(ISBLANK(S48),"Unknown",S48) -> Asked Expert | AJ48: =IF(Q48>=8,"High Trust", IF(Q49>=5,"Moderate Trust","Low Trust")) -> Moderate Trust | AL48: =ROUND(U48,1) -> 65.5 | AM48: =TRIM(J48) -> High School
A49: ChatGPT-3.5 | B49: legal_advice | C49: 68.36 | D49: 416 | E49: TRUE | F49: TRUE | G49: FALSE | H49: Moderate | I49: 25-34 | J49: PhD | K49: Low | L49: Intermediate | M49: Low | N49: Medium | P49: TRUE | Q49: 8.2 | R49: FALSE | T49: 0 | U49: 76.36 | V49: TRUE | W49: Blind Trust | AE49: =IF(F49=TRUE,"Yes","No") -> Yes | AF49: =IF(ISBLANK(N49),"Unknown",N49) -> Medium | AG49: =IF(O49=TRUE,"Yes","No") -> No | AH49: =IF(ISBLANK(S49),"Unknown",S49) -> Unknown | AJ49: =IF(Q49>=8,"High Trust", IF(Q50>=5,"Moderate Trust","Low Trust")) -> High Trust | AL49: =ROUND(U49,1) -> 76.4 | AM49: =TRIM(J49) -> PhD
A50: GPT-4 | B50: technical_coding | C50: 86.27 | D50: 666 | E50: FALSE | F50: FALSE | G50: TRUE | H50: Very Specific | I50: 18-24 | J50: Bachelors | K50: Expert | L50: Intermediate | M50: High | N50: Medium | P50: FALSE | Q50: 8.1 | R50: TRUE | S50: Asked Expert | T50: 25.3 | U50: 79.5 | V50: TRUE | W50: Moderate Trust | AE50: =IF(F50=TRUE,"Yes","No") -> No | AF50: =IF(ISBLANK(N50),"Unknown",N50) -> Medium | AG50: =IF(O50=TRUE,"Yes","No") -> No | AH50: =IF(ISBLANK(S50),"Unknown",S50) -> Asked Expert | AJ50: =IF(Q50>=8,"High Trust", IF(Q51>=5,"Moderate Trust","Low Trust")) -> High Trust | AL50: =ROUND(U50,1) -> 79.5 | AM50: =TRIM(J50) -> Bachelors
A51: Claude | B51: recipe_cooking | C51: 78 | D51: 563 | E51: FALSE | F51: TRUE | G51: FALSE | H51: Very Specific | I51: 45-54 | J51: PhD | K51: Medium | L51: Intermediate | M51: Medium | N51: Low | P51: FALSE | Q51: 8.1 | R51: FALSE | T51: 0 | U51: 74.43 | V51: TRUE | W51: Blind Trust | AE51: =IF(F51=TRUE,"Yes","No") -> Yes | AF51: =IF(ISBLANK(N51),"Unknown",N51) -> Low | AG51: =IF(O51=TRUE,"Yes","No") -> No | AH51: =IF(ISBLANK(S51),"Unknown",S51) -> Unknown | AJ51: =IF(Q51>=8,"High Trust", IF(Q52>=5,"Moderate Trust","Low Trust")) -> High Trust | AL51: =ROUND(U51,1) -> 74.4 | AM51: =TRIM(J51) -> PhD
A52: Gemini | B52: creative_writing | C52: 64.34 | D52: 477 | E52: TRUE | F52: TRUE | G52: FALSE | H52: Moderate | I52: 45-54 | J52: High School | K52: High | L52: Beginner | M52: Low | N52: Medium | P52: TRUE | Q52: 8.7 | R52: FALSE | T52: 0 | U52: 75.1 | V52: TRUE | W52: Blind Trust | AE52: =IF(F52=TRUE,"Yes","No") -> Yes | AF52: =IF(ISBLANK(N52),"Unknown",N52) -> Medium | AG52: =IF(O52=TRUE,"Yes","No") -> No | AH52: =IF(ISBLANK(S52),"Unknown",S52) -> Unknown | AJ52: =IF(Q52>=8,"High Trust", IF(Q53>=5,"Moderate Trust","Low Trust")) -> High Trust | AL52: =ROUND(U52,1) -> 75.1 | AM52: =TRIM(J52) -> High School
A53: ChatGPT-3.5 | B53: financial_advice | C53: 48.63 | D53: 758 | E53: TRUE | F53: TRUE | G53: TRUE | H53: Specific | I53: 35-44 | J53: High School | K53: Medium | L53: Intermediate | M53: Medium | P53: FALSE | Q53: 5.7 | R53: FALSE | T53: 0 | U53: 60.58 | V53: TRUE | W53: Skeptical | AE53: =IF(F53=TRUE,"Yes","No") -> Yes | AF53: =IF(ISBLANK(N53),"Unknown",N53) -> Unknown | AG53: =IF(O53=TRUE,"Yes","No") -> No | AH53: =IF(ISBLANK(S53),"Unknown",S53) -> Unknown | AJ53: =IF(Q53>=8,"High Trust", IF(Q54>=5,"Moderate Trust","Low Trust")) -> Moderate Trust | AL53: =ROUND(U53,1) -> 60.6 | AM53: =TRIM(J53) -> High School
A54: GPT-4 | B54: technical_coding | C54: 78.51 | D54: 751 | E54: TRUE | F54: FALSE | G54: TRUE | H54: Vague | I54: 45-54 | J54: Masters | K54: Medium | L54: Intermediate | M54: High | N54: High | P54: FALSE | Q54: 8.5 | R54: TRUE | S54: Consulted Documentation | T54: 22.1 | U54: 73.84 | V54: TRUE | W54: Moderate Trust | AE54: =IF(F54=TRUE,"Yes","No") -> No | AF54: =IF(ISBLANK(N54),"Unknown",N54) -> High | AG54: =IF(O54=TRUE,"Yes","No") -> No | AH54: =IF(ISBLANK(S54),"Unknown",S54) -> Consulted Documentation | AJ54: =IF(Q54>=8,"High Trust", IF(Q55>=5,"Moderate Trust","Low Trust")) -> High Trust | AL54: =ROUND(U54,1) -> 73.8 | AM54: =TRIM(J54) -> Masters
A55: ChatGPT-3.5 | B55: general_knowledge | C55: 65.68 | D55: 228 | E55: FALSE | F55: TRUE | G55: FALSE | H55: Vague | I55: 18-24 | J55: Professional | K55: Medium | L55: Beginner | M55: Low | N55: High | O55: FALSE | P55: TRUE | Q55: 6.6 | R55: FALSE | T55: 0 | U55: 67.84 | V55: TRUE | W55: Moderate Trust | AE55: =IF(F55=TRUE,"Yes","No") -> Yes | AF55: =IF(ISBLANK(N55),"Unknown",N55) -> High | AG55: =IF(O55=TRUE,"Yes","No") -> No | AH55: =IF(ISBLANK(S55),"Unknown",S55) -> Unknown | AJ55: =IF(Q55>=8,"High Trust", IF(Q56>=5,"Moderate Trust","Low Trust")) -> Moderate Trust | AL55: =ROUND(U55,1) -> 67.8 | AM55: =TRIM(J55) -> Professional
A56: Gemini | B56: recipe_cooking | C56: 83.56 | D56: 782 | E56: FALSE | F56: FALSE | G56: FALSE | H56: Moderate | I56: 35-44 | J56: Professional | K56: Medium | L56: Intermediate | M56: Medium | P56: TRUE | Q56: 8.9 | R56: TRUE | S56: Consulted Documentation | T56: 17.2 | U56: 77.87 | V56: TRUE | W56: Moderate Trust | AE56: =IF(F56=TRUE,"Yes","No") -> No | AF56: =IF(ISBLANK(N56),"Unknown",N56) -> Unknown | AG56: =IF(O56=TRUE,"Yes","No") -> No | AH56: =IF(ISBLANK(S56),"Unknown",S56) -> Consulted Documentation | AJ56: =IF(Q56>=8,"High Trust", IF(Q57>=5,"Moderate Trust","Low Trust")) -> High Trust | AL56: =ROUND(U56,1) -> 77.9 | AM56: =TRIM(J56) -> Professional
A57: Mistral | B57: scientific_facts | C57: 78.98 | D57: 721 | E57: TRUE | F57: FALSE | G57: TRUE | H57: Specific | I57: 45-54 | J57: High School | K57: Low | L57: Expert | M57: High | N57: High | O57: TRUE | P57: TRUE | Q57: 10 | R57: FALSE | T57: 0 | U57: 81.3 | V57: TRUE | W57: Blind Trust | AE57: =IF(F57=TRUE,"Yes","No") -> No | AF57: =IF(ISBLANK(N57),"Unknown",N57) -> High | AG57: =IF(O57=TRUE,"Yes","No") -> Yes | AH57: =IF(ISBLANK(S57),"Unknown",S57) -> Unknown | AJ57: =IF(Q57>=8,"High Trust", IF(Q58>=5,"Moderate Trust","Low Trust")) -> High Trust | AL57: =ROUND(U57,1) -> 81.3 | AM57: =TRIM(J57) -> High School
A58: ChatGPT-3.5 | B58: opinion_based | C58: 44.6 | D58: 177 | E58: TRUE | F58: TRUE | G58: TRUE | H58: Vague | I58: 35-44 | J58: Masters | K58: Low | L58: Expert | M58: High | O58: TRUE | P58: FALSE | Q58: 5.8 | R58: TRUE | S58: Asked Colleague | T58: 37 | U58: 22.32 | V58: FALSE | W58: Skeptical | AE58: =IF(F58=TRUE,"Yes","No") -> Yes | AF58: =IF(ISBLANK(N58),"Unknown",N58) -> Unknown | AG58: =IF(O58=TRUE,"Yes","No") -> Yes | AH58: =IF(ISBLANK(S58),"Unknown",S58) -> Asked Colleague | AJ58: =IF(Q58>=8,"High Trust", IF(Q59>=5,"Moderate Trust","Low Trust")) -> Moderate Trust | AL58: =ROUND(U58,1) -> 22.3 | AM58: =TRIM(J58) -> Masters
A59: ChatGPT-3.5 | B59: scientific_facts | C59: 89.73 | D59: 530 | E59: FALSE | F59: FALSE | G59: TRUE | H59: Very Specific | I59: 55-64 | J59: Masters | K59: High | L59: Advanced | M59: Critical | N59: Medium | P59: FALSE | Q59: 8 | R59: FALSE | T59: 0 | U59: 87.16 | V59: TRUE | W59: Blind Trust | AE59: =IF(F59=TRUE,"Yes","No") -> No | AF59: =IF(ISBLANK(N59),"Unknown",N59) -> Medium | AG59: =IF(O59=TRUE,"Yes","No") -> No | AH59: =IF(ISBLANK(S59),"Unknown",S59) -> Unknown | AJ59: =IF(Q59>=8,"High Trust", IF(Q60>=5,"Moderate Trust","Low Trust")) -> High Trust | AL59: =ROUND(U59,1) -> 87.2 | AM59: =TRIM(J59) -> Masters
A60: Gemini | B60: math_calculation | C60: 85.71 | D60: 745 | E60: TRUE | F60: TRUE | G60: TRUE | H60: Moderate | I60: 65+ | J60: Bachelors | K60: Expert | L60: Beginner | M60: High | N60: Low | P60: TRUE | Q60: 8.8 | R60: TRUE | S60: Asked Colleague | T60: 41.3 | U60: 79.75 | V60: TRUE | W60: Moderate Trust | AE60: =IF(F60=TRUE,"Yes","No") -> Yes | AF60: =IF(ISBLANK(N60),"Unknown",N60) -> Low | AG60: =IF(O60=TRUE,"Yes","No") -> No | AH60: =IF(ISBLANK(S60),"Unknown",S60) -> Asked Colleague | AJ60: =IF(Q60>=8,"High Trust", IF(Q61>=5,"Moderate Trust","Low Trust")) -> High Trust | AL60: =ROUND(U60,1) -> 79.8 | AM60: =TRIM(J60) -> Bachelors
A61: Mistral | B61: medical_advice | C61: 66.94 | D61: 591 | E61: FALSE | F61: TRUE | G61: FALSE | H61: Vague | I61: 18-24 | J61: PhD | K61: Medium | L61: First Time | M61: Critical | N61: Medium | P61: FALSE | Q61: 6.2 | R61: TRUE | S61: Personal Testing | T61: 31 | U61: 58.21 | V61: TRUE | W61: Skeptical | AE61: =IF(F61=TRUE,"Yes","No") -> Yes | AF61: =IF(ISBLANK(N61),"Unknown",N61) -> Medium | AG61: =IF(O61=TRUE,"Yes","No") -> No | AH61: =IF(ISBLANK(S61),"Unknown",S61) -> Personal Testing | AJ61: =IF(Q61>=8,"High Trust", IF(Q62>=5,"Moderate Trust","Low Trust")) -> Moderate Trust | AL61: =ROUND(U61,1) -> 58.2 | AM61: =TRIM(J61) -> PhD
A62: Gemini | B62: creative_writing | C62: 69.4 | D62: 127 | E62: TRUE | F62: TRUE | G62: FALSE | H62: Specific | I62: 18-24 | J62: PhD | K62: High | L62: Advanced | M62: Critical | N62: Medium | P62: TRUE | Q62: 7 | R62: TRUE | S62: Asked Colleague | T62: 8.4 | U62: 83.3 | V62: TRUE | W62: Skeptical | AE62: =IF(F62=TRUE,"Yes","No") -> Yes | AF62: =IF(ISBLANK(N62),"Unknown",N62) -> Medium | AG62: =IF(O62=TRUE,"Yes","No") -> No | AH62: =IF(ISBLANK(S62),"Unknown",S62) -> Asked Colleague | AJ62: =IF(Q62>=8,"High Trust", IF(Q63>=5,"Moderate Trust","Low Trust")) -> Moderate Trust | AL62: =ROUND(U62,1) -> 83.3 | AM62: =TRIM(J62) -> PhD
A63: Llama | B63: creative_writing | C63: 78.42 | D63: 154 | E63: FALSE | F63: FALSE | G63: FALSE | H63: Vague | I63: 35-44 | J63: PhD | K63: Low | L63: Intermediate | M63: Low | N63: Medium | P63: FALSE | Q63: 8.8 | R63: FALSE | T63: 0 | U63: 66.9 | V63: FALSE | W63: Blind Trust | AE63: =IF(F63=TRUE,"Yes","No") -> No | AF63: =IF(ISBLANK(N63),"Unknown",N63) -> Medium | AG63: =IF(O63=TRUE,"Yes","No") -> No | AH63: =IF(ISBLANK(S63),"Unknown",S63) -> Unknown | AJ63: =IF(Q63>=8,"High Trust", IF(Q64>=5,"Moderate Trust","Low Trust")) -> High Trust | AL63: =ROUND(U63,1) -> 66.9 | AM63: =TRIM(J63) -> PhD
A64: Mistral | B64: recipe_cooking | C64: 80.39 | D64: 298 | E64: FALSE | F64: TRUE | G64: FALSE | H64: Specific | I64: 25-34 | J64: Professional | K64: Medium | L64: Expert | M64: High | N64: High | O64: FALSE | P64: TRUE | Q64: 7.5 | R64: TRUE | S64: Academic Paper | T64: 2.4 | U64: 77.29 | V64: TRUE | W64: Skeptical | AE64: =IF(F64=TRUE,"Yes","No") -> Yes | AF64: =IF(ISBLANK(N64),"Unknown",N64) -> High | AG64: =IF(O64=TRUE,"Yes","No") -> No | AH64: =IF(ISBLANK(S64),"Unknown",S64) -> Academic Paper | AJ64: =IF(Q64>=8,"High Trust", IF(Q65>=5,"Moderate Trust","Low Trust")) -> Moderate Trust | AL64: =ROUND(U64,1) -> 77.3 | AM64: =TRIM(J64) -> Professional
A65: GPT-4 | B65: technical_coding | C65: 83.16 | D65: 257 | E65: TRUE | F65: TRUE | G65: TRUE | H65: Specific | I65: 65+ | J65: Professional | K65: Medium | L65: Expert | M65: High | P65: TRUE | Q65: 9.3 | R65: TRUE | S65: Cross-referenced Multiple AIs | T65: 16.5 | U65: 96.68 | V65: TRUE | W65: Moderate Trust | AE65: =IF(F65=TRUE,"Yes","No") -> Yes | AF65: =IF(ISBLANK(N65),"Unknown",N65) -> Unknown | AG65: =IF(O65=TRUE,"Yes","No") -> No | AH65: =IF(ISBLANK(S65),"Unknown",S65) -> Cross-referenced Multiple AIs | AJ65: =IF(Q65>=8,"High Trust", IF(Q66>=5,"Moderate Trust","Low Trust")) -> High Trust | AL65: =ROUND(U65,1) -> 96.7 | AM65: =TRIM(J65) -> Professional
A66: ChatGPT-3.5 | B66: general_knowledge | C66: 72.92 | D66: 490 | E66: FALSE | F66: TRUE | G66: TRUE | H66: Very Specific | I66: 25-34 | J66: PhD | K66: Medium | L66: Advanced | M66: Low | N66: Low | O66: FALSE | P66: TRUE | Q66: 7.3 | R66: TRUE | S66: Academic Paper | T66: 37.6 | U66: 87.51 | V66: TRUE | W66: Skeptical | AE66: =IF(F66=TRUE,"Yes","No") -> Yes | AF66: =IF(ISBLANK(N66),"Unknown",N66) -> Low | AG66: =IF(O66=TRUE,"Yes","No") -> No | AH66: =IF(ISBLANK(S66),"Unknown",S66) -> Academic Paper | AJ66: =IF(Q66>=8,"High Trust", IF(Q67>=5,"Moderate Trust","Low Trust")) -> Moderate Trust | AL66: =ROUND(U66,1) -> 87.5 | AM66: =TRIM(J66) -> PhD
A67: ChatGPT-3.5 | B67: recipe_cooking | C67: 75.38 | D67: 317 | E67: FALSE | F67: TRUE | G67: FALSE | H67: Specific | I67: 35-44 | J67: Masters | K67: Medium | L67: Advanced | M67: Critical | O67: FALSE | P67: FALSE | Q67: 5.1 | R67: TRUE | S67: Asked Colleague | T67: 25.4 | U67: 60.63 | V67: TRUE | W67: Skeptical | AE67: =IF(F67=TRUE,"Yes","No") -> Yes | AF67: =IF(ISBLANK(N67),"Unknown",N67) -> Unknown | AG67: =IF(O67=TRUE,"Yes","No") -> No | AH67: =IF(ISBLANK(S67),"Unknown",S67) -> Asked Colleague | AJ67: =IF(Q67>=8,"High Trust", IF(Q68>=5,"Moderate Trust","Low Trust")) -> Moderate Trust | AL67: =ROUND(U67,1) -> 60.6 | AM67: =TRIM(J67) -> Masters
A68: Llama | B68: current_events | C68: 65.96 | D68: 794 | E68: TRUE | F68: TRUE | G68: TRUE | H68: Very Specific | I68: 55-64 | J68: Bachelors | K68: Low | L68: First Time | M68: Critical | N68: High | P68: TRUE | Q68: 7.4 | R68: TRUE | S68: Consulted Documentation | T68: 21.3 | U68: 66.6 | V68: TRUE | W68: Skeptical | AE68: =IF(F68=TRUE,"Yes","No") -> Yes | AF68: =IF(ISBLANK(N68),"Unknown",N68) -> High | AG68: =IF(O68=TRUE,"Yes","No") -> No | AH68: =IF(ISBLANK(S68),"Unknown",S68) -> Consulted Documentation | AJ68: =IF(Q68>=8,"High Trust", IF(Q69>=5,"Moderate Trust","Low Trust")) -> Moderate Trust | AL68: =ROUND(U68,1) -> 66.6 | AM68: =TRIM(J68) -> Bachelors
A69: Llama | B69: legal_advice | C69: 58.08 | D69: 587 | E69: TRUE | F69: TRUE | G69: FALSE | H69: Very Specific | I69: 65+ | J69: PhD | K69: Medium | L69: Intermediate | M69: Low | N69: High | P69: FALSE | Q69: 7.9 | R69: TRUE | S69: Google Search | T69: 41.5 | U69: 61.59 | V69: TRUE | W69: Skeptical | AE69: =IF(F69=TRUE,"Yes","No") -> Yes | AF69: =IF(ISBLANK(N69),"Unknown",N69) -> High | AG69: =IF(O69=TRUE,"Yes","No") -> No | AH69: =IF(ISBLANK(S69),"Unknown",S69) -> Google Search | AJ69: =IF(Q69>=8,"High Trust", IF(Q70>=5,"Moderate Trust","Low Trust")) -> Moderate Trust | AL69: =ROUND(U69,1) -> 61.6 | AM69: =TRIM(J69) -> PhD
A70: GPT-4 | B70: current_events | C70: 59.28 | D70: 138 | E70: TRUE | F70: TRUE | G70: FALSE | H70: Specific | I70: 35-44 | J70: Professional | K70: Medium | L70: Advanced | M70: Medium | N70: High | P70: TRUE | Q70: 7.6 | R70: FALSE | T70: 0 | U70: 35.69 | V70: FALSE | W70: Moderate Trust | AE70: =IF(F70=TRUE,"Yes","No") -> Yes | AF70: =IF(ISBLANK(N70),"Unknown",N70) -> High | AG70: =IF(O70=TRUE,"Yes","No") -> No | AH70: =IF(ISBLANK(S70),"Unknown",S70) -> Unknown | AJ70: =IF(Q70>=8,"High Trust", IF(Q71>=5,"Moderate Trust","Low Trust")) -> Moderate Trust | AL70: =ROUND(U70,1) -> 35.7 | AM70: =TRIM(J70) -> Professional
A71: ChatGPT-3.5 | B71: math_calculation | C71: 98.51 | D71: 697 | E71: FALSE | F71: FALSE | G71: TRUE | H71: Moderate | I71: 65+ | J71: Bachelors | K71: Low | L71: Advanced | M71: Critical | N71: High | P71: FALSE | Q71: 9.5 | R71: TRUE | S71: Academic Paper | T71: 39 | U71: 100 | V71: TRUE | W71: Moderate Trust | AE71: =IF(F71=TRUE,"Yes","No") -> No | AF71: =IF(ISBLANK(N71),"Unknown",N71) -> High | AG71: =IF(O71=TRUE,"Yes","No") -> No | AH71: =IF(ISBLANK(S71),"Unknown",S71) -> Academic Paper | AJ71: =IF(Q71>=8,"High Trust", IF(Q72>=5,"Moderate Trust","Low Trust")) -> High Trust | AL71: =ROUND(U71,1) -> 100 | AM71: =TRIM(J71) -> Bachelors
A72: Gemini | B72: factual_historical | C72: 88.03 | D72: 129 | E72: TRUE | F72: FALSE | G72: FALSE | H72: Specific | I72: 45-54 | J72: Masters | K72: Expert | L72: Beginner | M72: Low | N72: High | P72: FALSE | Q72: 10 | R72: FALSE | T72: 0 | U72: 96.82 | V72: TRUE | W72: Blind Trust | AE72: =IF(F72=TRUE,"Yes","No") -> No | AF72: =IF(ISBLANK(N72),"Unknown",N72) -> High | AG72: =IF(O72=TRUE,"Yes","No") -> No | AH72: =IF(ISBLANK(S72),"Unknown",S72) -> Unknown | AJ72: =IF(Q72>=8,"High Trust", IF(Q73>=5,"Moderate Trust","Low Trust")) -> High Trust | AL72: =ROUND(U72,1) -> 96.8 | AM72: =TRIM(J72) -> Masters
A73: Mistral | B73: technical_coding | C73: 75.58 | D73: 253 | E73: FALSE | F73: FALSE | G73: FALSE | H73: Vague | I73: 55-64 | J73: PhD | K73: High | L73: Intermediate | M73: Low | P73: FALSE | Q73: 8.1 | R73: TRUE | S73: Consulted Documentation | T73: 32.6 | U73: 61.68 | V73: TRUE | W73: Moderate Trust | AE73: =IF(F73=TRUE,"Yes","No") -> No | AF73: =IF(ISBLANK(N73),"Unknown",N73) -> Unknown | AG73: =IF(O73=TRUE,"Yes","No") -> No | AH73: =IF(ISBLANK(S73),"Unknown",S73) -> Consulted Documentation | AJ73: =IF(Q73>=8,"High Trust", IF(Q74>=5,"Moderate Trust","Low Trust")) -> High Trust | AL73: =ROUND(U73,1) -> 61.7 | AM73: =TRIM(J73) -> PhD
A74: Gemini | B74: opinion_based | C74: 47.38 | D74: 144 | E74: FALSE | F74: TRUE | G74: TRUE | H74: Specific | I74: 65+ | J74: Bachelors | K74: Medium | L74: Intermediate | M74: Critical | P74: FALSE | Q74: 4.2 | R74: TRUE | S74: Asked Colleague | T74: 31.8 | U74: 35.21 | V74: TRUE | W74: Highly Skeptical | AE74: =IF(F74=TRUE,"Yes","No") -> Yes | AF74: =IF(ISBLANK(N74),"Unknown",N74) -> Unknown | AG74: =IF(O74=TRUE,"Yes","No") -> No | AH74: =IF(ISBLANK(S74),"Unknown",S74) -> Asked Colleague | AJ74: =IF(Q74>=8,"High Trust", IF(Q75>=5,"Moderate Trust","Low Trust")) -> Moderate Trust | AL74: =ROUND(U74,1) -> 35.2 | AM74: =TRIM(J74) -> Bachelors
A75: Gemini | B75: factual_historical | C75: 76.86 | D75: 439 | E75: TRUE | F75: FALSE | G75: FALSE | H75: Very Specific | I75: 55-64 | J75: PhD | K75: Low | L75: First Time | M75: Medium | N75: Medium | O75: TRUE | P75: FALSE | Q75: 10 | R75: TRUE | S75: Academic Paper | T75: 32.8 | U75: 68.52 | V75: FALSE | W75: Moderate Trust | AE75: =IF(F75=TRUE,"Yes","No") -> No | AF75: =IF(ISBLANK(N75),"Unknown",N75) -> Medium | AG75: =IF(O75=TRUE,"Yes","No") -> Yes | AH75: =IF(ISBLANK(S75),"Unknown",S75) -> Academic Paper | AJ75: =IF(Q75>=8,"High Trust", IF(Q76>=5,"Moderate Trust","Low Trust")) -> High Trust | AL75: =ROUND(U75,1) -> 68.5 | AM75: =TRIM(J75) -> PhD
A76: Claude | B76: math_calculation | C76: 88.16 | D76: 689 | E76: TRUE | F76: TRUE | G76: FALSE | H76: Vague | I76: 65+ | J76: High School | K76: Medium | L76: Expert | M76: Medium | N76: Low | O76: TRUE | P76: FALSE | Q76: 10 | R76: FALSE | T76: 0 | U76: 75.67 | V76: FALSE | W76: Blind Trust | AE76: =IF(F76=TRUE,"Yes","No") -> Yes | AF76: =IF(ISBLANK(N76),"Unknown",N76) -> Low | AG76: =IF(O76=TRUE,"Yes","No") -> Yes | AH76: =IF(ISBLANK(S76),"Unknown",S76) -> Unknown | AJ76: =IF(Q76>=8,"High Trust", IF(Q77>=5,"Moderate Trust","Low Trust")) -> High Trust | AL76: =ROUND(U76,1) -> 75.7 | AM76: =TRIM(J76) -> High School
A77: ChatGPT-3.5 | B77: scientific_facts | C77: 89.46 | D77: 751 | E77: TRUE | F77: TRUE | G77: TRUE | H77: Very Specific | I77: 25-34 | J77: High School | K77: Low | L77: Expert | M77: High | N77: Medium | O77: FALSE | P77: FALSE | Q77: 8.4 | R77: TRUE | S77: Google Search | T77: 35.8 | U77: 79.42 | V77: TRUE | W77: Moderate Trust | AE77: =IF(F77=TRUE,"Yes","No") -> Yes | AF77: =IF(ISBLANK(N77),"Unknown",N77) -> Medium | AG77: =IF(O77=TRUE,"Yes","No") -> No | AH77: =IF(ISBLANK(S77),"Unknown",S77) -> Google Search | AJ77: =IF(Q77>=8,"High Trust", IF(Q78>=5,"Moderate Trust","Low Trust")) -> High Trust | AL77: =ROUND(U77,1) -> 79.4 | AM77: =TRIM(J77) -> High School
A78: Claude | B78: current_events | C78: 59.47 | D78: 771 | E78: FALSE | F78: TRUE | G78: TRUE | H78: Moderate | I78: 55-64 | J78: Bachelors | K78: Expert | L78: Expert | M78: Low | N78: High | O78: FALSE | P78: FALSE | Q78: 5.2 | R78: FALSE | T78: 0 | U78: 42.38 | V78: TRUE | W78: Skeptical | AE78: =IF(F78=TRUE,"Yes","No") -> Yes | AF78: =IF(ISBLANK(N78),"Unknown",N78) -> High | AG78: =IF(O78=TRUE,"Yes","No") -> No | AH78: =IF(ISBLANK(S78),"Unknown",S78) -> Unknown | AJ78: =IF(Q78>=8,"High Trust", IF(Q79>=5,"Moderate Trust","Low Trust")) -> Moderate Trust | AL78: =ROUND(U78,1) -> 42.4 | AM78: =TRIM(J78) -> Bachelors
A79: ChatGPT-3.5 | B79: scientific_facts | C79: 88.65 | D79: 725 | E79: FALSE | F79: FALSE | G79: FALSE | H79: Moderate | I79: 25-34 | J79: Professional | K79: Low | L79: Advanced | M79: Low | O79: FALSE | P79: TRUE | Q79: 8.9 | R79: TRUE | S79: Asked Colleague | T79: 9.6 | U79: 79.42 | V79: TRUE | W79: Moderate Trust | AE79: =IF(F79=TRUE,"Yes","No") -> No | AF79: =IF(ISBLANK(N79),"Unknown",N79) -> Unknown | AG79: =IF(O79=TRUE,"Yes","No") -> No | AH79: =IF(ISBLANK(S79),"Unknown",S79) -> Asked Colleague | AJ79: =IF(Q79>=8,"High Trust", IF(Q80>=5,"Moderate Trust","Low Trust")) -> High Trust | AL79: =ROUND(U79,1) -> 79.4 | AM79: =TRIM(J79) -> Professional
A80: ChatGPT-3.5 | B80: general_knowledge | C80: 80.62 | D80: 517 | E80: FALSE | F80: FALSE | G80: FALSE | H80: Vague | I80: 45-54 | J80: PhD | K80: Low | L80: Intermediate | M80: High | O80: TRUE | P80: TRUE | Q80: 9 | R80: TRUE | S80: Asked Colleague | T80: 12.6 | U80: 68.01 | V80: FALSE | W80: Moderate Trust | AE80: =IF(F80=TRUE,"Yes","No") -> No | AF80: =IF(ISBLANK(N80),"Unknown",N80) -> Unknown | AG80: =IF(O80=TRUE,"Yes","No") -> Yes | AH80: =IF(ISBLANK(S80),"Unknown",S80) -> Asked Colleague | AJ80: =IF(Q80>=8,"High Trust", IF(Q81>=5,"Moderate Trust","Low Trust")) -> High Trust | AL80: =ROUND(U80,1) -> 68 | AM80: =TRIM(J80) -> PhD
A81: GPT-4 | B81: technical_coding | C81: 80.77 | D81: 597 | E81: TRUE | F81: FALSE | G81: TRUE | H81: Very Specific | I81: 65+ | J81: Professional | K81: Expert | L81: Intermediate | M81: High | N81: Low | P81: FALSE | Q81: 8.2 | R81: TRUE | S81: Asked Expert | T81: 16.2 | U81: 73.31 | V81: TRUE | W81: Moderate Trust | AE81: =IF(F81=TRUE,"Yes","No") -> No | AF81: =IF(ISBLANK(N81),"Unknown",N81) -> Low | AG81: =IF(O81=TRUE,"Yes","No") -> No | AH81: =IF(ISBLANK(S81),"Unknown",S81) -> Asked Expert | AJ81: =IF(Q81>=8,"High Trust", IF(Q82>=5,"Moderate Trust","Low Trust")) -> High Trust | AL81: =ROUND(U81,1) -> 73.3 | AM81: =TRIM(J81) -> Professional
A82: Mistral | B82: scientific_facts | C82: 89.4 | D82: 388 | E82: TRUE | F82: TRUE | G82: FALSE | H82: Vague | I82: 65+ | J82: Professional | K82: Medium | L82: Advanced | M82: Low | N82: Low | O82: FALSE | P82: TRUE | Q82: 8.9 | R82: TRUE | S82: Consulted Documentation | T82: 16.3 | U82: 100 | V82: TRUE | W82: Moderate Trust | AE82: =IF(F82=TRUE,"Yes","No") -> Yes | AF82: =IF(ISBLANK(N82),"Unknown",N82) -> Low | AG82: =IF(O82=TRUE,"Yes","No") -> No | AH82: =IF(ISBLANK(S82),"Unknown",S82) -> Consulted Documentation | AJ82: =IF(Q82>=8,"High Trust", IF(Q83>=5,"Moderate Trust","Low Trust")) -> High Trust | AL82: =ROUND(U82,1) -> 100 | AM82: =TRIM(J82) -> Professional
A83: Mistral | B83: creative_writing | C83: 77.13 | D83: 639 | E83: FALSE | F83: TRUE | G83: FALSE | H83: Vague | I83: 55-64 | J83: Masters | K83: Expert | L83: Expert | M83: High | N83: Medium | P83: FALSE | Q83: 6.9 | R83: TRUE | S83: Academic Paper | T83: 34.3 | U83: 66.69 | V83: TRUE | W83: Skeptical | AE83: =IF(F83=TRUE,"Yes","No") -> Yes | AF83: =IF(ISBLANK(N83),"Unknown",N83) -> Medium | AG83: =IF(O83=TRUE,"Yes","No") -> No | AH83: =IF(ISBLANK(S83),"Unknown",S83) -> Academic Paper | AJ83: =IF(Q83>=8,"High Trust", IF(Q84>=5,"Moderate Trust","Low Trust")) -> Moderate Trust | AL83: =ROUND(U83,1) -> 66.7 | AM83: =TRIM(J83) -> Masters
A84: Gemini | B84: recipe_cooking | C84: 83.64 | D84: 756 | E84: FALSE | F84: FALSE | G84: FALSE | H84: Vague | I84: 45-54 | J84: Masters | K84: High | L84: Beginner | M84: High | N84: Medium | O84: TRUE | P84: FALSE | Q84: 10 | R84: TRUE | S84: Academic Paper | T84: 25.8 | U84: 80.54 | V84: TRUE | W84: Moderate Trust | AE84: =IF(F84=TRUE,"Yes","No") -> No | AF84: =IF(ISBLANK(N84),"Unknown",N84) -> Medium | AG84: =IF(O84=TRUE,"Yes","No") -> Yes | AH84: =IF(ISBLANK(S84),"Unknown",S84) -> Academic Paper | AJ84: =IF(Q84>=8,"High Trust", IF(Q85>=5,"Moderate Trust","Low Trust")) -> High Trust | AL84: =ROUND(U84,1) -> 80.5 | AM84: =TRIM(J84) -> Masters
A85: Claude | B85: recipe_cooking | C85: 88.54 | D85: 196 | E85: TRUE | F85: FALSE | G85: FALSE | H85: Specific | I85: 65+ | J85: High School | K85: Expert | L85: First Time | M85: Medium | N85: High | O85: TRUE | P85: TRUE | Q85: 10 | R85: FALSE | T85: 0 | U85: 96.36 | V85: TRUE | W85: Blind Trust | AE85: =IF(F85=TRUE,"Yes","No") -> No | AF85: =IF(ISBLANK(N85),"Unknown",N85) -> High | AG85: =IF(O85=TRUE,"Yes","No") -> Yes | AH85: =IF(ISBLANK(S85),"Unknown",S85) -> Unknown | AJ85: =IF(Q85>=8,"High Trust", IF(Q86>=5,"Moderate Trust","Low Trust")) -> High Trust | AL85: =ROUND(U85,1) -> 96.4 | AM85: =TRIM(J85) -> High School
A86: Claude | B86: opinion_based | C86: 54.8 | D86: 770 | E86: TRUE | F86: TRUE | G86: TRUE | H86: Vague | I86: 45-54 | J86: PhD | K86: Low | L86: Advanced | M86: Low | N86: Medium | O86: TRUE | P86: FALSE | Q86: 8.9 | R86: TRUE | S86: Consulted Documentation | T86: 23.3 | U86: 59.7 | V86: FALSE | W86: Moderate Trust | AE86: =IF(F86=TRUE,"Yes","No") -> Yes | AF86: =IF(ISBLANK(N86),"Unknown",N86) -> Medium | AG86: =IF(O86=TRUE,"Yes","No") -> Yes | AH86: =IF(ISBLANK(S86),"Unknown",S86) -> Consulted Documentation | AJ86: =IF(Q86>=8,"High Trust", IF(Q87>=5,"Moderate Trust","Low Trust")) -> High Trust | AL86: =ROUND(U86,1) -> 59.7 | AM86: =TRIM(J86) -> PhD
A87: Gemini | B87: legal_advice | C87: 48.06 | D87: 566 | E87: TRUE | F87: FALSE | G87: TRUE | H87: Vague | I87: 35-44 | J87: Masters | K87: Expert | L87: Advanced | M87: High | N87: Medium | O87: FALSE | P87: FALSE | Q87: 3.9 | R87: TRUE | S87: Personal Testing | T87: 14.8 | U87: 61.44 | V87: FALSE | W87: Highly Skeptical | AE87: =IF(F87=TRUE,"Yes","No") -> No | AF87: =IF(ISBLANK(N87),"Unknown",N87) -> Medium | AG87: =IF(O87=TRUE,"Yes","No") -> No | AH87: =IF(ISBLANK(S87),"Unknown",S87) -> Personal Testing | AJ87: =IF(Q87>=8,"High Trust", IF(Q88>=5,"Moderate Trust","Low Trust")) -> Moderate Trust | AL87: =ROUND(U87,1) -> 61.4 | AM87: =TRIM(J87) -> Masters
A88: Llama | B88: scientific_facts | C88: 87.56 | D88: 115 | E88: FALSE | F88: TRUE | G88: TRUE | H88: Vague | I88: 55-64 | J88: Professional | K88: Medium | L88: Intermediate | M88: Medium | N88: Low | O88: FALSE | P88: FALSE | Q88: 7.6 | R88: TRUE | S88: Personal Testing | T88: 32.5 | U88: 97.2 | V88: FALSE | W88: Skeptical | AE88: =IF(F88=TRUE,"Yes","No") -> Yes | AF88: =IF(ISBLANK(N88),"Unknown",N88) -> Low | AG88: =IF(O88=TRUE,"Yes","No") -> No | AH88: =IF(ISBLANK(S88),"Unknown",S88) -> Personal Testing | AJ88: =IF(Q88>=8,"High Trust", IF(Q89>=5,"Moderate Trust","Low Trust")) -> Low Trust | AL88: =ROUND(U88,1) -> 97.2 | AM88: =TRIM(J88) -> Professional
A89: Llama | B89: current_events | C89: 59.58 | D89: 295 | E89: FALSE | F89: TRUE | G89: TRUE | H89: Vague | I89: 25-34 | J89: High School | K89: High | L89: Advanced | M89: Low | O89: FALSE | P89: FALSE | Q89: 4.9 | R89: TRUE | S89: Academic Paper | T89: 19 | U89: 43.43 | V89: TRUE | W89: Highly Skeptical | AE89: =IF(F89=TRUE,"Yes","No") -> Yes | AF89: =IF(ISBLANK(N89),"Unknown",N89) -> Unknown | AG89: =IF(O89=TRUE,"Yes","No") -> No | AH89: =IF(ISBLANK(S89),"Unknown",S89) -> Academic Paper | AJ89: =IF(Q89>=8,"High Trust", IF(Q90>=5,"Moderate Trust","Low Trust")) -> Moderate Trust | AL89: =ROUND(U89,1) -> 43.4 | AM89: =TRIM(J89) -> High School
A90: Claude | B90: scientific_facts | C90: 89.02 | D90: 339 | E90: FALSE | F90: FALSE | G90: FALSE | H90: Very Specific | I90: 35-44 | J90: PhD | K90: Expert | L90: First Time | M90: High | N90: Medium | O90: FALSE | P90: FALSE | Q90: 8.7 | R90: FALSE | T90: 0 | U90: 80.9 | V90: TRUE | W90: Blind Trust | AE90: =IF(F90=TRUE,"Yes","No") -> No | AF90: =IF(ISBLANK(N90),"Unknown",N90) -> Medium | AG90: =IF(O90=TRUE,"Yes","No") -> No | AH90: =IF(ISBLANK(S90),"Unknown",S90) -> Unknown | AJ90: =IF(Q90>=8,"High Trust", IF(Q91>=5,"Moderate Trust","Low Trust")) -> High Trust | AL90: =ROUND(U90,1) -> 80.9 | AM90: =TRIM(J90) -> PhD
A91: GPT-4 | B91: medical_advice | C91: 67.63 | D91: 357 | E91: FALSE | F91: TRUE | G91: TRUE | H91: Moderate | I91: 55-64 | J91: PhD | K91: Medium | L91: Advanced | M91: Critical | O91: FALSE | P91: TRUE | Q91: 4.1 | R91: TRUE | S91: Asked Colleague | T91: 42.8 | U91: 81.96 | V91: FALSE | W91: Highly Skeptical | AE91: =IF(F91=TRUE,"Yes","No") -> Yes | AF91: =IF(ISBLANK(N91),"Unknown",N91) -> Unknown | AG91: =IF(O91=TRUE,"Yes","No") -> No | AH91: =IF(ISBLANK(S91),"Unknown",S91) -> Asked Colleague | AJ91: =IF(Q91>=8,"High Trust", IF(Q92>=5,"Moderate Trust","Low Trust")) -> Moderate Trust | AL91: =ROUND(U91,1) -> 82 | AM91: =TRIM(J91) -> PhD
A92: ChatGPT-3.5 | B92: opinion_based | C92: 42.75 | D92: 792 | E92: TRUE | F92: TRUE | G92: TRUE | H92: Very Specific | I92: 25-34 | J92: PhD | K92: Expert | L92: Intermediate | M92: High | N92: Low | O92: TRUE | P92: FALSE | Q92: 5.6 | R92: TRUE | S92: Cross-referenced Multiple AIs | T92: 14.7 | U92: 24.32 | V92: FALSE | W92: Skeptical | AE92: =IF(F92=TRUE,"Yes","No") -> Yes | AF92: =IF(ISBLANK(N92),"Unknown",N92) -> Low | AG92: =IF(O92=TRUE,"Yes","No") -> Yes | AH92: =IF(ISBLANK(S92),"Unknown",S92) -> Cross-referenced Multiple AIs | AJ92: =IF(Q92>=8,"High Trust", IF(Q93>=5,"Moderate Trust","Low Trust")) -> Moderate Trust | AL92: =ROUND(U92,1) -> 24.3 | AM92: =TRIM(J92) -> PhD
A93: Llama | B93: recipe_cooking | C93: 89.01 | D93: 193 | E93: FALSE | F93: FALSE | G93: TRUE | H93: Specific | I93: 18-24 | J93: High School | K93: High | L93: Expert | M93: Medium | N93: Low | O93: TRUE | P93: TRUE | Q93: 10 | R93: TRUE | S93: Asked Colleague | T93: 11.6 | U93: 74.75 | V93: FALSE | W93: Moderate Trust | AE93: =IF(F93=TRUE,"Yes","No") -> No | AF93: =IF(ISBLANK(N93),"Unknown",N93) -> Low | AG93: =IF(O93=TRUE,"Yes","No") -> Yes | AH93: =IF(ISBLANK(S93),"Unknown",S93) -> Asked Colleague | AJ93: =IF(Q93>=8,"High Trust", IF(Q94>=5,"Moderate Trust","Low Trust")) -> High Trust | AL93: =ROUND(U93,1) -> 74.8 | AM93: =TRIM(J93) -> High School
A94: GPT-4 | B94: financial_advice | C94: 61.16 | D94: 108 | E94: FALSE | F94: TRUE | G94: TRUE | H94: Moderate | I94: 25-34 | J94: High School | K94: Medium | L94: Advanced | M94: Medium | O94: FALSE | P94: FALSE | Q94: 5.5 | R94: FALSE | T94: 0 | U94: 68.37 | V94: TRUE | W94: Skeptical | AE94: =IF(F94=TRUE,"Yes","No") -> Yes | AF94: =IF(ISBLANK(N94),"Unknown",N94) -> Unknown | AG94: =IF(O94=TRUE,"Yes","No") -> No | AH94: =IF(ISBLANK(S94),"Unknown",S94) -> Unknown | AJ94: =IF(Q94>=8,"High Trust", IF(Q95>=5,"Moderate Trust","Low Trust")) -> Moderate Trust | AL94: =ROUND(U94,1) -> 68.4 | AM94: =TRIM(J94) -> High School
A95: ChatGPT-3.5 | B95: math_calculation | C95: 98 | D95: 275 | E95: FALSE | F95: FALSE | G95: TRUE | H95: Very Specific | I95: 18-24 | J95: PhD | K95: Low | L95: First Time | M95: Low | N95: High | O95: TRUE | P95: FALSE | Q95: 10 | R95: FALSE | T95: 0 | U95: 96.56 | V95: TRUE | W95: Blind Trust | AE95: =IF(F95=TRUE,"Yes","No") -> No | AF95: =IF(ISBLANK(N95),"Unknown",N95) -> High | AG95: =IF(O95=TRUE,"Yes","No") -> Yes | AH95: =IF(ISBLANK(S95),"Unknown",S95) -> Unknown | AJ95: =IF(Q95>=8,"High Trust", IF(Q96>=5,"Moderate Trust","Low Trust")) -> High Trust | AL95: =ROUND(U95,1) -> 96.6 | AM95: =TRIM(J95) -> PhD
A96: Mistral | B96: financial_advice | C96: 46.99 | D96: 108 | E96: TRUE | F96: FALSE | G96: FALSE | H96: Vague | I96: 55-64 | J96: Professional | K96: Medium | L96: First Time | M96: Medium | N96: Medium | P96: FALSE | Q96: 7.5 | R96: TRUE | S96: Checked Official Source | T96: 36.9 | U96: 33.92 | V96: FALSE | W96: Skeptical | AE96: =IF(F96=TRUE,"Yes","No") -> No | AF96: =IF(ISBLANK(N96),"Unknown",N96) -> Medium | AG96: =IF(O96=TRUE,"Yes","No") -> No | AH96: =IF(ISBLANK(S96),"Unknown",S96) -> Checked Official Source | AJ96: =IF(Q96>=8,"High Trust", IF(Q97>=5,"Moderate Trust","Low Trust")) -> Moderate Trust | AL96: =ROUND(U96,1) -> 33.9 | AM96: =TRIM(J96) -> Professional
A97: ChatGPT-3.5 | B97: general_knowledge | C97: 77.24 | D97: 642 | E97: TRUE | F97: TRUE | G97: TRUE | H97: Moderate | I97: 25-34 | J97: Bachelors | K97: Expert | L97: Beginner | M97: Critical | N97: High | O97: TRUE | P97: TRUE | Q97: 9.8 | R97: FALSE | T97: 0 | U97: 66.48 | V97: FALSE | W97: Blind Trust | AE97: =IF(F97=TRUE,"Yes","No") -> Yes | AF97: =IF(ISBLANK(N97),"Unknown",N97) -> High | AG97: =IF(O97=TRUE,"Yes","No") -> Yes | AH97: =IF(ISBLANK(S97),"Unknown",S97) -> Unknown | AJ97: =IF(Q97>=8,"High Trust", IF(Q98>=5,"Moderate Trust","Low Trust")) -> High Trust | AL97: =ROUND(U97,1) -> 66.5 | AM97: =TRIM(J97) -> Bachelors
A98: Mistral | B98: legal_advice | C98: 61.57 | D98: 780 | E98: TRUE | F98: TRUE | G98: FALSE | H98: Specific | I98: 25-34 | J98: Masters | K98: Medium | L98: Intermediate | M98: Critical | N98: Medium | O98: FALSE | P98: FALSE | Q98: 4.9 | R98: TRUE | S98: Checked Official Source | T98: 18.2 | U98: 75.93 | V98: FALSE | W98: Highly Skeptical | AE98: =IF(F98=TRUE,"Yes","No") -> Yes | AF98: =IF(ISBLANK(N98),"Unknown",N98) -> Medium | AG98: =IF(O98=TRUE,"Yes","No") -> No | AH98: =IF(ISBLANK(S98),"Unknown",S98) -> Checked Official Source | AJ98: =IF(Q98>=8,"High Trust", IF(Q99>=5,"Moderate Trust","Low Trust")) -> Moderate Trust | AL98: =ROUND(U98,1) -> 75.9 | AM98: =TRIM(J98) -> Masters
A99: GPT-4 | B99: math_calculation | C99: 96.55 | D99: 723 | E99: FALSE | F99: FALSE | G99: FALSE | H99: Vague | I99: 55-64 | J99: Bachelors | K99: Expert | L99: Advanced | M99: Low | N99: Low | O99: TRUE | P99: FALSE | Q99: 10 | R99: TRUE | S99: Asked Expert | T99: 19.6 | U99: 94.05 | V99: TRUE | W99: Moderate Trust | AE99: =IF(F99=TRUE,"Yes","No") -> No | AF99: =IF(ISBLANK(N99),"Unknown",N99) -> Low | AG99: =IF(O99=TRUE,"Yes","No") -> Yes | AH99: =IF(ISBLANK(S99),"Unknown",S99) -> Asked Expert | AJ99: =IF(Q99>=8,"High Trust", IF(Q100>=5,"Moderate Trust","Low Trust")) -> High Trust | AL99: =ROUND(U99,1) -> 94.1 | AM99: =TRIM(J99) -> Bachelors
A100: Gemini | B100: legal_advice | C100: 47.62 | D100: 224 | E100: TRUE | F100: TRUE | G100: TRUE | H100: Vague | I100: 65+ | J100: Masters | K100: Low | L100: Intermediate | M100: Low | N100: High | P100: TRUE | Q100: 6.8 | R100: TRUE | S100: Consulted Documentation | T100: 2.8 | U100: 33.5 | V100: FALSE | W100: Skeptical | AE100: =IF(F100=TRUE,"Yes","No") -> Yes | AF100: =IF(ISBLANK(N100),"Unknown",N100) -> High | AG100: =IF(O100=TRUE,"Yes","No") -> No | AH100: =IF(ISBLANK(S100),"Unknown",S100) -> Consulted Documentation | AJ100: =IF(Q100>=8,"High Trust", IF(Q101>=5,"Moderate Trust","Low Trust")) -> Moderate Trust | AL100: =ROUND(U100,1) -> 33.5 | AM100: =TRIM(J100) -> Masters
...

Sheet Calculations
A1: Metric | B1: Formula (Editable in Excel) | F1: Average Trust for Claude
A2: Total Records | B2: =COUNTA(Clean_Data!A:A)-1 -> 1000 | F2: =AVERAGEIF(Clean_Data!A2,"Claude",Clean_Data!Q2) -> 10
A3: Average Trust Score | B3: =AVERAGE(Clean_Data!Q:Q) -> 7.905
A4: Average Accuracy | B4: =AVERAGE(Clean_Data!U:U) -> 69.98202
A5: Fact Check Yes - Avg Trust | B5: =AVERAGEIF(Clean_Data!R:R,TRUE,Clean_Data!Q:Q) -> 7.5257962
A6: Fact Check No - Avg Trust | B6: =AVERAGEIF(Clean_Data!R:R,FALSE,Clean_Data!Q:Q) -> 8.5451613

Sheet Lookups
A1: Education Level | B1: Weight Score | D1: VLOOKUPS | G1: LOOKUPS
A2: High School | B2: 1 | E2: =VLOOKUP(A2, Lookups!$A$2:$B$5,2,FALSE) -> 1 | H2: =LOOKUP(A2, A2:A5, B2:B5) -> 2
A3: Bachelors | B3: 2 | E3: =VLOOKUP(A3, Lookups!$A$2:$B$5,2,FALSE) -> 2
A4: Masters | B4: 3 | E4: =VLOOKUP(A4, Lookups!$A$2:$B$5,2,FALSE) -> 3
A5: PhD | B5: 4 | E5: =VLOOKUP(A5, Lookups!$A$2:$B$5,2,FALSE) -> 4 | G5: INDEX
H6: =INDEX(Lookups!B2:B5,3) -> 3
G8: INDEX + MATCH
H9: =IFERROR( INDEX(Lookups!B2:B5, MATCH(E2,Lookups!A2:A5,0)), "Not Found") -> Not Found
A11: Education Level | B11: High School | C11: Bachelors | D11: Masters | E11: PhD
A12: Weight Score | B12: 1 | C12: 2 | D12: 3 | E12: 4
A14: HLOOKUPS | B14: =HLOOKUP(D11, B11:E12, 2, FALSE) -> 3

Sheet Pivot_Table
A1: AI Model | B1: Avg Trust Score | C1: Avg Accuracy %
A2: ChatGPT-3.5 | B2: =AVERAGEIF(Clean_Data!$A:$A,A2,Clean_Data!$Q:$Q) -> 7.655 | C2: =AVERAGEIF(Clean_Data!$A:$A,A2,Clean_Data!$U:$U) -> 69.400063
A3: Claude | B3: =AVERAGEIF(Clean_Data!$A:$A,A3,Clean_Data!$Q:$Q) -> 8.1467836 | C3: =AVERAGEIF(Clean_Data!$A:$A,A3,Clean_Data!$U:$U) -> 70.712865
A4: GPT-4 | B4: =AVERAGEIF(Clean_Data!$A:$A,A4,Clean_Data!$Q:$Q) -> 8.1358974 | C4: =AVERAGEIF(Clean_Data!$A:$A,A4,Clean_Data!$U:$U) -> 71.203718
A5: Gemini | B5: =AVERAGEIF(Clean_Data!$A:$A,A5,Clean_Data!$Q:$Q) -> 7.7915789 | C5: =AVERAGEIF(Clean_Data!$A:$A,A5,Clean_Data!$U:$U) -> 69.306263
A6: Llama | B6: =AVERAGEIF(Clean_Data!$A:$A,A6,Clean_Data!$Q:$Q) -> 7.7715152 | C6: =AVERAGEIF(Clean_Data!$A:$A,A6,Clean_Data!$U:$U) -> 68.508121
A7: Mistral | B7: =AVERAGEIF(Clean_Data!$A:$A,A7,Clean_Data!$Q:$Q) -> 7.9443038 | C7: =AVERAGEIF(Clean_Data!$A:$A,A7,Clean_Data!$U:$U) -> 70.925949

Sheet Analysis
A1: Performed Fact Check | B1: Avg Trust Score
A2: FALSE | B2: =AVERAGEIF(Clean_Data!R:R,FALSE,Clean_Data!Q:Q) -> 8.5451613
A3: TRUE | B3: 7.5257962
A11: Education Level | B11: Avg Trust Score
A12: Bachelors | B12: =AVERAGEIF(Clean_Data!AM:AM,A12,Clean_Data!Q:Q) -> 8.0492308
A13: High School | B13: =AVERAGEIF(Clean_Data!AM:AM,A13,Clean_Data!Q:Q) -> 7.8938776
A14: Masters | B14: =AVERAGEIF(Clean_Data!AM:AM,A14,Clean_Data!Q:Q) -> 7.8153465
A15: PhD | B15: =AVERAGEIF(Clean_Data!AM:AM,A15,Clean_Data!Q:Q) -> 7.8912844
A16: Professional | B16: =AVERAGEIF(Clean_Data!AM:AM,A16,Clean_Data!Q:Q) -> 7.8793651

Sheet Data Model
B3: Row Labels | C3: Avg Trust | D3: Avg Accuracy
B4: ChatGPT-3.5 | C4: 7.655 | D4: 69.400063
B5: Claude | C5: 8.1467836 | D5: 70.712865
B6: Gemini | C6: 7.7915789 | D6: 69.306263
B7: GPT-4 | C7: 8.1358974 | D7: 71.203718
B8: Llama | C8: 7.7715152 | D8: 68.508121
B9: Mistral | C9: 7.9443038 | D9: 70.925949 | H9: Row Labels | I9: Avg Trust
B10: Grand Total | C10: 7.905 | D10: 69.98202 | H10: High School | I10: 7.8938776
H11: Bachelors | I11: 8.0492308
H12: Masters | I12: 7.8153465
H13: PhD | I13: 7.8912844
H14: Professional | I14: 7.8793651
H15: Grand Total | I15: 7.905
B16: Row Labels | C16: Avg Trust
B17: FALSE | C17: 8.5451613
B18: TRUE | C18: 7.5257962
B19: Grand Total | C19: 7.905
K22: `

Sheet Dashboard
